changeDate,recordId,slug,field,before,after,reason,changedBy
2026-05-21,CFP-0001,gabriela-hybrid-solar-battery-storage-project,region,Latin America,Other,Mapped non-core region into approved taxonomy.,normalize-project-records.ts
2026-05-21,CFP-0001,gabriela-hybrid-solar-battery-storage-project,preConstructionApproach,,Development,Added v0.1 pre-construction approach field.,normalize-project-records.ts
2026-05-21,CFP-0001,gabriela-hybrid-solar-battery-storage-project,confidenceLevel,Title-derived - requires article review,Needs Review,Mapped title-derived confidence into Needs Review.,normalize-project-records.ts
2026-05-21,CFP-0001,gabriela-hybrid-solar-battery-storage-project,mapReady,Yes,true,Normalized yes/no map readiness to boolean text.,normalize-project-records.ts
2026-05-21,CFP-0001,gabriela-hybrid-solar-battery-storage-project,potentialOpportunities,,"Monitor approvals, financing/FID and procurement signals; suitable for early relationship-building with owner/developer. Relevant categories may include grid connection, electrical balance of plant, civil works, owner’s engineering, controls, O&M and commercial advisory.",Copied commercialOpportunity into preferred v0.1 field.,normalize-project-records.ts
2026-05-21,CFP-0001,gabriela-hybrid-solar-battery-storage-project,opportunityCategories,,Electrical Works; Grid Connection; O&M; Financing / Investment; Design / Engineering; Project Controls; Commercial Management,"Added controlled v0.1 opportunity categories from sector, stage and title-derived project type.",normalize-project-records.ts
2026-05-21,CFP-0002,german-grid-expansion,preConstructionApproach,,Development,Added v0.1 pre-construction approach field.,normalize-project-records.ts
2026-05-21,CFP-0002,german-grid-expansion,confidenceLevel,Title-derived - requires article review,Needs Review,Mapped title-derived confidence into Needs Review.,normalize-project-records.ts
2026-05-21,CFP-0002,german-grid-expansion,mapReady,Yes,true,Normalized yes/no map readiness to boolean text.,normalize-project-records.ts
2026-05-21,CFP-0002,german-grid-expansion,potentialOpportunities,,"Monitor approvals, financing/FID and procurement signals; suitable for early relationship-building with owner/developer. Relevant categories may include grid connection, electrical balance of plant, civil works, owner’s engineering, controls, O&M and commercial advisory.",Copied commercialOpportunity into preferred v0.1 field.,normalize-project-records.ts
2026-05-21,CFP-0002,german-grid-expansion,opportunityCategories,,Electrical Works; Grid Connection; Transmission; O&M; Financing / Investment; Design / Engineering; Project Controls; Commercial Management,"Added controlled v0.1 opportunity categories from sector, stage and title-derived project type.",normalize-project-records.ts
2026-05-21,CFP-0003,sakarya-gas-field-phase-3-offshore-development,preConstructionApproach,,Alliance Development Phase,Added v0.1 pre-construction approach field.,normalize-project-records.ts
2026-05-21,CFP-0003,sakarya-gas-field-phase-3-offshore-development,confidenceLevel,Title-derived - requires article review,Needs Review,Mapped title-derived confidence into Needs Review.,normalize-project-records.ts
2026-05-21,CFP-0003,sakarya-gas-field-phase-3-offshore-development,mapReady,Yes,true,Normalized yes/no map readiness to boolean text.,normalize-project-records.ts
2026-05-21,CFP-0003,sakarya-gas-field-phase-3-offshore-development,potentialOpportunities,,"Primary owner-side award appears made; suppliers/subcontractors should target appointed contractor, EPC/EPCM or alliance delivery team. Relevant categories may include grid connection, electrical balance of plant, civil works, owner’s engineering, controls, O&M and commercial advisory.",Copied commercialOpportunity into preferred v0.1 field.,normalize-project-records.ts
2026-05-21,CFP-0003,sakarya-gas-field-phase-3-offshore-development,opportunityCategories,,Electrical Works; Grid Connection; O&M; Design / Engineering; Project Controls; Commercial Management,"Added controlled v0.1 opportunity categories from sector, stage and title-derived project type.",normalize-project-records.ts
2026-05-21,CFP-0004,1-250-gwh-of-renewable-electricity-in-italy,preConstructionApproach,,Unknown,Added v0.1 pre-construction approach field.,normalize-project-records.ts
2026-05-21,CFP-0004,1-250-gwh-of-renewable-electricity-in-italy,confidenceLevel,Title-derived - requires article review,Needs Review,Mapped title-derived confidence into Needs Review.,normalize-project-records.ts
2026-05-21,CFP-0004,1-250-gwh-of-renewable-electricity-in-italy,mapReady,Needs review,false,Normalized yes/no map readiness to boolean text.,normalize-project-records.ts
2026-05-21,CFP-0004,1-250-gwh-of-renewable-electricity-in-italy,potentialOpportunities,,"Potentially active BD window; monitor tendering, package formation, financing close and contractor appointment. Relevant categories may include grid connection, electrical balance of plant, civil works, owner’s engineering, controls, O&M and commercial advisory.",Copied commercialOpportunity into preferred v0.1 field.,normalize-project-records.ts
2026-05-21,CFP-0004,1-250-gwh-of-renewable-electricity-in-italy,opportunityCategories,,Electrical Works; Grid Connection; O&M; Financing / Investment; Design / Engineering; Project Controls; Commercial Management,"Added controlled v0.1 opportunity categories from sector, stage and title-derived project type.",normalize-project-records.ts
2026-05-21,CFP-0005,wagerup-bess,preConstructionApproach,,Unknown,Added v0.1 pre-construction approach field.,normalize-project-records.ts
2026-05-21,CFP-0005,wagerup-bess,confidenceLevel,Title-derived - requires article review,Needs Review,Mapped title-derived confidence into Needs Review.,normalize-project-records.ts
2026-05-21,CFP-0005,wagerup-bess,mapReady,Needs review,false,Normalized yes/no map readiness to boolean text.,normalize-project-records.ts
2026-05-21,CFP-0005,wagerup-bess,potentialOpportunities,,"Insufficient public information; review full article before BD action. Relevant categories may include grid connection, electrical balance of plant, civil works, owner’s engineering, controls, O&M and commercial advisory.",Copied commercialOpportunity into preferred v0.1 field.,normalize-project-records.ts
2026-05-21,CFP-0005,wagerup-bess,opportunityCategories,,Electrical Works; Grid Connection; O&M,"Added controlled v0.1 opportunity categories from sector, stage and title-derived project type.",normalize-project-records.ts
2026-05-21,CFP-0006,hyundai-e-c-to-deliver-k-housing-in-new-zealand-via-early-contractor-involveme,preConstructionApproach,,ECI,Added v0.1 pre-construction approach field.,normalize-project-records.ts
2026-05-21,CFP-0006,hyundai-e-c-to-deliver-k-housing-in-new-zealand-via-early-contractor-involveme,confidenceLevel,Title-derived - requires article review,Needs Review,Mapped title-derived confidence into Needs Review.,normalize-project-records.ts
2026-05-21,CFP-0006,hyundai-e-c-to-deliver-k-housing-in-new-zealand-via-early-contractor-involveme,mapReady,Yes,true,Normalized yes/no map readiness to boolean text.,normalize-project-records.ts
2026-05-21,CFP-0006,hyundai-e-c-to-deliver-k-housing-in-new-zealand-via-early-contractor-involveme,potentialOpportunities,,Insufficient public information; review full article before BD action. Relevant supplier categories should be reviewed against the article and source package.,Copied commercialOpportunity into preferred v0.1 field.,normalize-project-records.ts
2026-05-21,CFP-0006,hyundai-e-c-to-deliver-k-housing-in-new-zealand-via-early-contractor-involveme,opportunityCategories,,Design / Engineering; Project Controls; Commercial Management,"Added controlled v0.1 opportunity categories from sector, stage and title-derived project type.",normalize-project-records.ts
2026-05-21,CFP-0007,omvs-140-mw-green-hydrogen-plant,preConstructionApproach,,Not Applicable,Added v0.1 pre-construction approach field.,normalize-project-records.ts
2026-05-21,CFP-0007,omvs-140-mw-green-hydrogen-plant,confidenceLevel,Title-derived - requires article review,Needs Review,Mapped title-derived confidence into Needs Review.,normalize-project-records.ts
2026-05-21,CFP-0007,omvs-140-mw-green-hydrogen-plant,mapReady,Yes,true,Normalized yes/no map readiness to boolean text.,normalize-project-records.ts
2026-05-21,CFP-0007,omvs-140-mw-green-hydrogen-plant,potentialOpportunities,,"Major packages likely committed; opportunity may sit in subcontracting, change management, commissioning, claims support or O&M preparation. Relevant categories may include grid connection, electrical balance of plant, civil works, owner’s engineering, controls, O&M and commercial advisory.",Copied commercialOpportunity into preferred v0.1 field.,normalize-project-records.ts
2026-05-21,CFP-0007,omvs-140-mw-green-hydrogen-plant,opportunityCategories,,Electrical Works; Grid Connection; O&M; Claims / Dispute Support; Legal / Contract Advisory; Commercial Management; Design / Engineering; Project Controls,"Added controlled v0.1 opportunity categories from sector, stage and title-derived project type.",normalize-project-records.ts
2026-05-21,CFP-0008,richmond-valley-solar-bess-project,preConstructionApproach,,ECI,Added v0.1 pre-construction approach field.,normalize-project-records.ts
2026-05-21,CFP-0008,richmond-valley-solar-bess-project,confidenceLevel,Title-derived - requires article review,Needs Review,Mapped title-derived confidence into Needs Review.,normalize-project-records.ts
2026-05-21,CFP-0008,richmond-valley-solar-bess-project,mapReady,Yes,true,Normalized yes/no map readiness to boolean text.,normalize-project-records.ts
2026-05-21,CFP-0008,richmond-valley-solar-bess-project,potentialOpportunities,,"Insufficient public information; review full article before BD action. Relevant categories may include grid connection, electrical balance of plant, civil works, owner’s engineering, controls, O&M and commercial advisory.",Copied commercialOpportunity into preferred v0.1 field.,normalize-project-records.ts
2026-05-21,CFP-0008,richmond-valley-solar-bess-project,opportunityCategories,,Electrical Works; Grid Connection; O&M; Design / Engineering; Project Controls; Commercial Management,"Added controlled v0.1 opportunity categories from sector, stage and title-derived project type.",normalize-project-records.ts
2026-05-21,CFP-0009,montreal-port-expansion-in-water-works,preConstructionApproach,,Unknown,Added v0.1 pre-construction approach field.,normalize-project-records.ts
2026-05-21,CFP-0009,montreal-port-expansion-in-water-works,confidenceLevel,Title-derived - requires article review,Needs Review,Mapped title-derived confidence into Needs Review.,normalize-project-records.ts
2026-05-21,CFP-0009,montreal-port-expansion-in-water-works,mapReady,Yes,true,Normalized yes/no map readiness to boolean text.,normalize-project-records.ts
2026-05-21,CFP-0009,montreal-port-expansion-in-water-works,potentialOpportunities,,"Potentially active BD window; monitor tendering, package formation, financing close and contractor appointment. Relevant categories may include civil works, structures, systems, rail/road packages, utilities, design, project controls and commercial support.",Copied commercialOpportunity into preferred v0.1 field.,normalize-project-records.ts
2026-05-21,CFP-0009,montreal-port-expansion-in-water-works,opportunityCategories,,Electrical Works; Grid Connection; O&M; Civil Works; Rail Systems; Utilities Relocation; Structures; Design / Engineering; Roadworks; Earthworks; Water / Wastewater; Mechanical Works; Financing / Investment; Project Controls; Commercial Management,"Added controlled v0.1 opportunity categories from sector, stage and title-derived project type.",normalize-project-records.ts
2026-05-21,CFP-0010,shah-deniz-compression-project,preConstructionApproach,,Not Applicable,Added v0.1 pre-construction approach field.,normalize-project-records.ts
2026-05-21,CFP-0010,shah-deniz-compression-project,confidenceLevel,Title-derived - requires article review,Needs Review,Mapped title-derived confidence into Needs Review.,normalize-project-records.ts
2026-05-21,CFP-0010,shah-deniz-compression-project,mapReady,Yes,true,Normalized yes/no map readiness to boolean text.,normalize-project-records.ts
2026-05-21,CFP-0010,shah-deniz-compression-project,potentialOpportunities,,"Primary owner-side award appears made; suppliers/subcontractors should target appointed contractor, EPC/EPCM or alliance delivery team. Relevant supplier categories should be reviewed against the article and source package.",Copied commercialOpportunity into preferred v0.1 field.,normalize-project-records.ts
2026-05-21,CFP-0010,shah-deniz-compression-project,opportunityCategories,,Design / Engineering; Project Controls; Commercial Management,"Added controlled v0.1 opportunity categories from sector, stage and title-derived project type.",normalize-project-records.ts
2026-05-21,CFP-0011,yonge-north-subway-extension,preConstructionApproach,,Unknown,Added v0.1 pre-construction approach field.,normalize-project-records.ts
2026-05-21,CFP-0011,yonge-north-subway-extension,confidenceLevel,Title-derived - requires article review,Needs Review,Mapped title-derived confidence into Needs Review.,normalize-project-records.ts
2026-05-21,CFP-0011,yonge-north-subway-extension,mapReady,Yes,true,Normalized yes/no map readiness to boolean text.,normalize-project-records.ts
2026-05-21,CFP-0011,yonge-north-subway-extension,potentialOpportunities,,"Potentially active BD window; monitor tendering, package formation, financing close and contractor appointment. Relevant categories may include civil works, structures, systems, rail/road packages, utilities, design, project controls and commercial support.",Copied commercialOpportunity into preferred v0.1 field.,normalize-project-records.ts
2026-05-21,CFP-0011,yonge-north-subway-extension,opportunityCategories,,Electrical Works; Grid Connection; O&M; Civil Works; Rail Systems; Utilities Relocation; Structures; Design / Engineering; Roadworks; Earthworks; Financing / Investment; Project Controls; Commercial Management,"Added controlled v0.1 opportunity categories from sector, stage and title-derived project type.",normalize-project-records.ts
2026-05-21,CFP-0012,uk-biogas-plant,preConstructionApproach,,Development,Added v0.1 pre-construction approach field.,normalize-project-records.ts
2026-05-21,CFP-0012,uk-biogas-plant,confidenceLevel,Title-derived - requires article review,Needs Review,Mapped title-derived confidence into Needs Review.,normalize-project-records.ts
2026-05-21,CFP-0012,uk-biogas-plant,mapReady,Yes,true,Normalized yes/no map readiness to boolean text.,normalize-project-records.ts
2026-05-21,CFP-0012,uk-biogas-plant,potentialOpportunities,,"Monitor approvals, financing/FID and procurement signals; suitable for early relationship-building with owner/developer. Relevant categories may include grid connection, electrical balance of plant, civil works, owner’s engineering, controls, O&M and commercial advisory.",Copied commercialOpportunity into preferred v0.1 field.,normalize-project-records.ts
2026-05-21,CFP-0012,uk-biogas-plant,opportunityCategories,,Electrical Works; Grid Connection; O&M; Financing / Investment; Design / Engineering; Project Controls; Commercial Management,"Added controlled v0.1 opportunity categories from sector, stage and title-derived project type.",normalize-project-records.ts
2026-05-21,CFP-0013,vni-west-transmission-project,preConstructionApproach,,Development,Added v0.1 pre-construction approach field.,normalize-project-records.ts
2026-05-21,CFP-0013,vni-west-transmission-project,confidenceLevel,Title-derived - requires article review,Needs Review,Mapped title-derived confidence into Needs Review.,normalize-project-records.ts
2026-05-21,CFP-0013,vni-west-transmission-project,mapReady,Needs review,false,Normalized yes/no map readiness to boolean text.,normalize-project-records.ts
2026-05-21,CFP-0013,vni-west-transmission-project,potentialOpportunities,,"Monitor approvals, financing/FID and procurement signals; suitable for early relationship-building with owner/developer. Relevant categories may include grid connection, electrical balance of plant, civil works, owner’s engineering, controls, O&M and commercial advisory.",Copied commercialOpportunity into preferred v0.1 field.,normalize-project-records.ts
2026-05-21,CFP-0013,vni-west-transmission-project,opportunityCategories,,Electrical Works; Grid Connection; Transmission; O&M; Financing / Investment; Design / Engineering; Project Controls; Commercial Management,"Added controlled v0.1 opportunity categories from sector, stage and title-derived project type.",normalize-project-records.ts
2026-05-21,CFP-0014,vincent-thomas-bridge-deck-replacement,preConstructionApproach,,Not Applicable,Added v0.1 pre-construction approach field.,normalize-project-records.ts
2026-05-21,CFP-0014,vincent-thomas-bridge-deck-replacement,confidenceLevel,Title-derived - requires article review,Needs Review,Mapped title-derived confidence into Needs Review.,normalize-project-records.ts
2026-05-21,CFP-0014,vincent-thomas-bridge-deck-replacement,mapReady,Yes,true,Normalized yes/no map readiness to boolean text.,normalize-project-records.ts
2026-05-21,CFP-0014,vincent-thomas-bridge-deck-replacement,potentialOpportunities,,"Primary owner-side award appears made; suppliers/subcontractors should target appointed contractor, EPC/EPCM or alliance delivery team. Relevant categories may include civil works, structures, systems, rail/road packages, utilities, design, project controls and commercial support.",Copied commercialOpportunity into preferred v0.1 field.,normalize-project-records.ts
2026-05-21,CFP-0014,vincent-thomas-bridge-deck-replacement,opportunityCategories,,Civil Works; Rail Systems; Utilities Relocation; Structures; Design / Engineering; Roadworks; Earthworks; Project Controls; Commercial Management,"Added controlled v0.1 opportunity categories from sector, stage and title-derived project type.",normalize-project-records.ts
2026-05-21,CFP-0015,new-brisbane-stadium,preConstructionApproach,,ECI,Added v0.1 pre-construction approach field.,normalize-project-records.ts
2026-05-21,CFP-0015,new-brisbane-stadium,confidenceLevel,Title-derived - requires article review,Needs Review,Mapped title-derived confidence into Needs Review.,normalize-project-records.ts
2026-05-21,CFP-0015,new-brisbane-stadium,mapReady,Yes,true,Normalized yes/no map readiness to boolean text.,normalize-project-records.ts
2026-05-21,CFP-0015,new-brisbane-stadium,potentialOpportunities,,"Potentially active BD window; monitor tendering, package formation, financing close and contractor appointment. Relevant supplier categories should be reviewed against the article and source package.",Copied commercialOpportunity into preferred v0.1 field.,normalize-project-records.ts
2026-05-21,CFP-0015,new-brisbane-stadium,opportunityCategories,,Electrical Works; Grid Connection; O&M; Financing / Investment; Design / Engineering; Project Controls; Commercial Management,"Added controlled v0.1 opportunity categories from sector, stage and title-derived project type.",normalize-project-records.ts
2026-05-21,CFP-0016,moving-i-4-forward-project-2,preConstructionApproach,,Not Applicable,Added v0.1 pre-construction approach field.,normalize-project-records.ts
2026-05-21,CFP-0016,moving-i-4-forward-project-2,confidenceLevel,Title-derived - requires article review,Needs Review,Mapped title-derived confidence into Needs Review.,normalize-project-records.ts
2026-05-21,CFP-0016,moving-i-4-forward-project-2,mapReady,Yes,true,Normalized yes/no map readiness to boolean text.,normalize-project-records.ts
2026-05-21,CFP-0016,moving-i-4-forward-project-2,potentialOpportunities,,"Primary owner-side award appears made; suppliers/subcontractors should target appointed contractor, EPC/EPCM or alliance delivery team. Relevant categories may include civil works, structures, systems, rail/road packages, utilities, design, project controls and commercial support.",Copied commercialOpportunity into preferred v0.1 field.,normalize-project-records.ts
2026-05-21,CFP-0016,moving-i-4-forward-project-2,opportunityCategories,,Civil Works; Rail Systems; Utilities Relocation; Structures; Design / Engineering; Roadworks; Earthworks; Project Controls; Commercial Management,"Added controlled v0.1 opportunity categories from sector, stage and title-derived project type.",normalize-project-records.ts
2026-05-21,CFP-0017,nuclear-project-in-texas,preConstructionApproach,,FEL,Added v0.1 pre-construction approach field.,normalize-project-records.ts
2026-05-21,CFP-0017,nuclear-project-in-texas,confidenceLevel,Title-derived - requires article review,Needs Review,Mapped title-derived confidence into Needs Review.,normalize-project-records.ts
2026-05-21,CFP-0017,nuclear-project-in-texas,mapReady,Yes,true,Normalized yes/no map readiness to boolean text.,normalize-project-records.ts
2026-05-21,CFP-0017,nuclear-project-in-texas,potentialOpportunities,,"Primary owner-side award appears made; suppliers/subcontractors should target appointed contractor, EPC/EPCM or alliance delivery team. Relevant categories may include grid connection, electrical balance of plant, civil works, owner’s engineering, controls, O&M and commercial advisory.",Copied commercialOpportunity into preferred v0.1 field.,normalize-project-records.ts
2026-05-21,CFP-0017,nuclear-project-in-texas,opportunityCategories,,Electrical Works; Grid Connection; O&M; Design / Engineering; Project Controls; Commercial Management,"Added controlled v0.1 opportunity categories from sector, stage and title-derived project type.",normalize-project-records.ts
2026-05-21,CFP-0018,texas-critical-data-center-campus,preConstructionApproach,,Not Applicable,Added v0.1 pre-construction approach field.,normalize-project-records.ts
2026-05-21,CFP-0018,texas-critical-data-center-campus,confidenceLevel,Title-derived - requires article review,Needs Review,Mapped title-derived confidence into Needs Review.,normalize-project-records.ts
2026-05-21,CFP-0018,texas-critical-data-center-campus,mapReady,Yes,true,Normalized yes/no map readiness to boolean text.,normalize-project-records.ts
2026-05-21,CFP-0018,texas-critical-data-center-campus,potentialOpportunities,,"Primary owner-side award appears made; suppliers/subcontractors should target appointed contractor, EPC/EPCM or alliance delivery team. Relevant categories may include power, cooling, civil works, grid interconnection, design, project controls and commissioning.",Copied commercialOpportunity into preferred v0.1 field.,normalize-project-records.ts
2026-05-21,CFP-0018,texas-critical-data-center-campus,opportunityCategories,,Electrical Works; Grid Connection; O&M; Mechanical Works; Technology / Software; Design / Engineering; Project Controls; Commercial Management,"Added controlled v0.1 opportunity categories from sector, stage and title-derived project type.",normalize-project-records.ts
2026-05-21,CFP-0019,prague-metro-line-d,preConstructionApproach,,Not Applicable,Added v0.1 pre-construction approach field.,normalize-project-records.ts
2026-05-21,CFP-0019,prague-metro-line-d,confidenceLevel,Title-derived - requires article review,Needs Review,Mapped title-derived confidence into Needs Review.,normalize-project-records.ts
2026-05-21,CFP-0019,prague-metro-line-d,mapReady,Yes,true,Normalized yes/no map readiness to boolean text.,normalize-project-records.ts
2026-05-21,CFP-0019,prague-metro-line-d,potentialOpportunities,,"Primary owner-side award appears made; suppliers/subcontractors should target appointed contractor, EPC/EPCM or alliance delivery team. Relevant categories may include civil works, structures, systems, rail/road packages, utilities, design, project controls and commercial support.",Copied commercialOpportunity into preferred v0.1 field.,normalize-project-records.ts
2026-05-21,CFP-0019,prague-metro-line-d,opportunityCategories,,Civil Works; Rail Systems; Utilities Relocation; Structures; Design / Engineering; Roadworks; Earthworks; Project Controls; Commercial Management,"Added controlled v0.1 opportunity categories from sector, stage and title-derived project type.",normalize-project-records.ts
2026-05-21,CFP-0020,vernou-la-celle-sur-seine-bess,preConstructionApproach,,Unknown,Added v0.1 pre-construction approach field.,normalize-project-records.ts
2026-05-21,CFP-0020,vernou-la-celle-sur-seine-bess,confidenceLevel,Title-derived - requires article review,Needs Review,Mapped title-derived confidence into Needs Review.,normalize-project-records.ts
2026-05-21,CFP-0020,vernou-la-celle-sur-seine-bess,mapReady,Yes,true,Normalized yes/no map readiness to boolean text.,normalize-project-records.ts
2026-05-21,CFP-0020,vernou-la-celle-sur-seine-bess,potentialOpportunities,,"Insufficient public information; review full article before BD action. Relevant categories may include grid connection, electrical balance of plant, civil works, owner’s engineering, controls, O&M and commercial advisory.",Copied commercialOpportunity into preferred v0.1 field.,normalize-project-records.ts
2026-05-21,CFP-0020,vernou-la-celle-sur-seine-bess,opportunityCategories,,Electrical Works; Grid Connection; O&M,"Added controlled v0.1 opportunity categories from sector, stage and title-derived project type.",normalize-project-records.ts
2026-05-21,CFP-0021,commonwealth-lng,preConstructionApproach,,Unknown,Added v0.1 pre-construction approach field.,normalize-project-records.ts
2026-05-21,CFP-0021,commonwealth-lng,confidenceLevel,Title-derived - requires article review,Needs Review,Mapped title-derived confidence into Needs Review.,normalize-project-records.ts
2026-05-21,CFP-0021,commonwealth-lng,mapReady,Yes,true,Normalized yes/no map readiness to boolean text.,normalize-project-records.ts
2026-05-21,CFP-0021,commonwealth-lng,potentialOpportunities,,"Potentially active BD window; monitor tendering, package formation, financing close and contractor appointment. Relevant categories may include grid connection, electrical balance of plant, civil works, owner’s engineering, controls, O&M and commercial advisory.",Copied commercialOpportunity into preferred v0.1 field.,normalize-project-records.ts
2026-05-21,CFP-0021,commonwealth-lng,opportunityCategories,,Electrical Works; Grid Connection; O&M; Financing / Investment; Design / Engineering; Project Controls; Commercial Management,"Added controlled v0.1 opportunity categories from sector, stage and title-derived project type.",normalize-project-records.ts
2026-05-21,CFP-0022,patache-bess-project,region,Latin America,Other,Mapped non-core region into approved taxonomy.,normalize-project-records.ts
2026-05-21,CFP-0022,patache-bess-project,preConstructionApproach,,Not Applicable,Added v0.1 pre-construction approach field.,normalize-project-records.ts
2026-05-21,CFP-0022,patache-bess-project,confidenceLevel,Title-derived - requires article review,Needs Review,Mapped title-derived confidence into Needs Review.,normalize-project-records.ts
2026-05-21,CFP-0022,patache-bess-project,mapReady,Yes,true,Normalized yes/no map readiness to boolean text.,normalize-project-records.ts
2026-05-21,CFP-0022,patache-bess-project,potentialOpportunities,,"Major packages likely committed; opportunity may sit in subcontracting, change management, commissioning, claims support or O&M preparation. Relevant categories may include grid connection, electrical balance of plant, civil works, owner’s engineering, controls, O&M and commercial advisory.",Copied commercialOpportunity into preferred v0.1 field.,normalize-project-records.ts
2026-05-21,CFP-0022,patache-bess-project,opportunityCategories,,Electrical Works; Grid Connection; O&M; Claims / Dispute Support; Legal / Contract Advisory; Commercial Management; Design / Engineering; Project Controls,"Added controlled v0.1 opportunity categories from sector, stage and title-derived project type.",normalize-project-records.ts
2026-05-21,CFP-0023,nese-project,preConstructionApproach,,Not Applicable,Added v0.1 pre-construction approach field.,normalize-project-records.ts
2026-05-21,CFP-0023,nese-project,confidenceLevel,Title-derived - requires article review,Needs Review,Mapped title-derived confidence into Needs Review.,normalize-project-records.ts
2026-05-21,CFP-0023,nese-project,mapReady,Needs review,false,Normalized yes/no map readiness to boolean text.,normalize-project-records.ts
2026-05-21,CFP-0023,nese-project,potentialOpportunities,,"Major packages likely committed; opportunity may sit in subcontracting, change management, commissioning, claims support or O&M preparation. Relevant supplier categories should be reviewed against the article and source package.",Copied commercialOpportunity into preferred v0.1 field.,normalize-project-records.ts
2026-05-21,CFP-0023,nese-project,opportunityCategories,,Claims / Dispute Support; Legal / Contract Advisory; Commercial Management; Design / Engineering; Project Controls,"Added controlled v0.1 opportunity categories from sector, stage and title-derived project type.",normalize-project-records.ts
2026-05-21,CFP-0024,alligator-creek-and-murch-solar-projects,preConstructionApproach,,Not Applicable,Added v0.1 pre-construction approach field.,normalize-project-records.ts
2026-05-21,CFP-0024,alligator-creek-and-murch-solar-projects,confidenceLevel,Title-derived - requires article review,Needs Review,Mapped title-derived confidence into Needs Review.,normalize-project-records.ts
2026-05-21,CFP-0024,alligator-creek-and-murch-solar-projects,mapReady,Needs review,false,Normalized yes/no map readiness to boolean text.,normalize-project-records.ts
2026-05-21,CFP-0024,alligator-creek-and-murch-solar-projects,potentialOpportunities,,"Major packages likely committed; opportunity may sit in subcontracting, change management, commissioning, claims support or O&M preparation. Relevant categories may include grid connection, electrical balance of plant, civil works, owner’s engineering, controls, O&M and commercial advisory.",Copied commercialOpportunity into preferred v0.1 field.,normalize-project-records.ts
2026-05-21,CFP-0024,alligator-creek-and-murch-solar-projects,opportunityCategories,,Electrical Works; Grid Connection; O&M; Financing / Investment; Claims / Dispute Support; Legal / Contract Advisory; Commercial Management; Design / Engineering; Project Controls,"Added controlled v0.1 opportunity categories from sector, stage and title-derived project type.",normalize-project-records.ts
2026-05-21,CFP-0025,red-oak-data-centres,preConstructionApproach,,Not Applicable,Added v0.1 pre-construction approach field.,normalize-project-records.ts
2026-05-21,CFP-0025,red-oak-data-centres,confidenceLevel,Title-derived - requires article review,Needs Review,Mapped title-derived confidence into Needs Review.,normalize-project-records.ts
2026-05-21,CFP-0025,red-oak-data-centres,mapReady,Yes,true,Normalized yes/no map readiness to boolean text.,normalize-project-records.ts
2026-05-21,CFP-0025,red-oak-data-centres,potentialOpportunities,,"Primary owner-side award appears made; suppliers/subcontractors should target appointed contractor, EPC/EPCM or alliance delivery team. Relevant categories may include power, cooling, civil works, grid interconnection, design, project controls and commissioning.",Copied commercialOpportunity into preferred v0.1 field.,normalize-project-records.ts
2026-05-21,CFP-0025,red-oak-data-centres,opportunityCategories,,Electrical Works; Grid Connection; O&M; Mechanical Works; Technology / Software; Design / Engineering; Financing / Investment; Project Controls; Commercial Management,"Added controlled v0.1 opportunity categories from sector, stage and title-derived project type.",normalize-project-records.ts
2026-05-21,CFP-0026,koolunga-bess,preConstructionApproach,,Not Applicable,Added v0.1 pre-construction approach field.,normalize-project-records.ts
2026-05-21,CFP-0026,koolunga-bess,confidenceLevel,Title-derived - requires article review,Needs Review,Mapped title-derived confidence into Needs Review.,normalize-project-records.ts
2026-05-21,CFP-0026,koolunga-bess,mapReady,Needs review,false,Normalized yes/no map readiness to boolean text.,normalize-project-records.ts
2026-05-21,CFP-0026,koolunga-bess,potentialOpportunities,,"Primary owner-side award appears made; suppliers/subcontractors should target appointed contractor, EPC/EPCM or alliance delivery team. Relevant categories may include grid connection, electrical balance of plant, civil works, owner’s engineering, controls, O&M and commercial advisory.",Copied commercialOpportunity into preferred v0.1 field.,normalize-project-records.ts
2026-05-21,CFP-0026,koolunga-bess,opportunityCategories,,Electrical Works; Grid Connection; O&M; Design / Engineering; Project Controls; Commercial Management,"Added controlled v0.1 opportunity categories from sector, stage and title-derived project type.",normalize-project-records.ts
2026-05-21,CFP-0027,kwinana-gas-power-generation-2-project,preConstructionApproach,,Not Applicable,Added v0.1 pre-construction approach field.,normalize-project-records.ts
2026-05-21,CFP-0027,kwinana-gas-power-generation-2-project,confidenceLevel,Title-derived - requires article review,Needs Review,Mapped title-derived confidence into Needs Review.,normalize-project-records.ts
2026-05-21,CFP-0027,kwinana-gas-power-generation-2-project,mapReady,Needs review,false,Normalized yes/no map readiness to boolean text.,normalize-project-records.ts
2026-05-21,CFP-0027,kwinana-gas-power-generation-2-project,potentialOpportunities,,"Primary owner-side award appears made; suppliers/subcontractors should target appointed contractor, EPC/EPCM or alliance delivery team. Relevant categories may include grid connection, electrical balance of plant, civil works, owner’s engineering, controls, O&M and commercial advisory.",Copied commercialOpportunity into preferred v0.1 field.,normalize-project-records.ts
2026-05-21,CFP-0027,kwinana-gas-power-generation-2-project,opportunityCategories,,Electrical Works; Grid Connection; O&M; Design / Engineering; Project Controls; Commercial Management,"Added controlled v0.1 opportunity categories from sector, stage and title-derived project type.",normalize-project-records.ts
2026-05-21,CFP-0028,mirny-wind-and-bess-project,preConstructionApproach,,Unknown,Added v0.1 pre-construction approach field.,normalize-project-records.ts
2026-05-21,CFP-0028,mirny-wind-and-bess-project,confidenceLevel,Title-derived - requires article review,Needs Review,Mapped title-derived confidence into Needs Review.,normalize-project-records.ts
2026-05-21,CFP-0028,mirny-wind-and-bess-project,mapReady,Yes,true,Normalized yes/no map readiness to boolean text.,normalize-project-records.ts
2026-05-21,CFP-0028,mirny-wind-and-bess-project,potentialOpportunities,,"Potentially active BD window; monitor tendering, package formation, financing close and contractor appointment. Relevant categories may include grid connection, electrical balance of plant, civil works, owner’s engineering, controls, O&M and commercial advisory.",Copied commercialOpportunity into preferred v0.1 field.,normalize-project-records.ts
2026-05-21,CFP-0028,mirny-wind-and-bess-project,opportunityCategories,,Electrical Works; Grid Connection; O&M; Financing / Investment; Design / Engineering; Project Controls; Commercial Management,"Added controlled v0.1 opportunity categories from sector, stage and title-derived project type.",normalize-project-records.ts
2026-05-21,CFP-0029,warsaw-lodz-line,preConstructionApproach,,Unknown,Added v0.1 pre-construction approach field.,normalize-project-records.ts
2026-05-21,CFP-0029,warsaw-lodz-line,confidenceLevel,Title-derived - requires article review,Needs Review,Mapped title-derived confidence into Needs Review.,normalize-project-records.ts
2026-05-21,CFP-0029,warsaw-lodz-line,mapReady,Yes,true,Normalized yes/no map readiness to boolean text.,normalize-project-records.ts
2026-05-21,CFP-0029,warsaw-lodz-line,potentialOpportunities,,"Potentially active BD window; monitor tendering, package formation, financing close and contractor appointment. Relevant categories may include civil works, structures, systems, rail/road packages, utilities, design, project controls and commercial support.",Copied commercialOpportunity into preferred v0.1 field.,normalize-project-records.ts
2026-05-21,CFP-0029,warsaw-lodz-line,opportunityCategories,,Electrical Works; Grid Connection; O&M; Civil Works; Rail Systems; Utilities Relocation; Structures; Design / Engineering; Roadworks; Earthworks; Financing / Investment; Project Controls; Commercial Management,"Added controlled v0.1 opportunity categories from sector, stage and title-derived project type.",normalize-project-records.ts
2026-05-21,CFP-0030,natrium-kemmerer-unit-1-nuclear-power-plant,preConstructionApproach,,Not Applicable,Added v0.1 pre-construction approach field.,normalize-project-records.ts
2026-05-21,CFP-0030,natrium-kemmerer-unit-1-nuclear-power-plant,confidenceLevel,Title-derived - requires article review,Needs Review,Mapped title-derived confidence into Needs Review.,normalize-project-records.ts
2026-05-21,CFP-0030,natrium-kemmerer-unit-1-nuclear-power-plant,mapReady,Yes,true,Normalized yes/no map readiness to boolean text.,normalize-project-records.ts
2026-05-21,CFP-0030,natrium-kemmerer-unit-1-nuclear-power-plant,potentialOpportunities,,"Major packages likely committed; opportunity may sit in subcontracting, change management, commissioning, claims support or O&M preparation. Relevant categories may include grid connection, electrical balance of plant, civil works, owner’s engineering, controls, O&M and commercial advisory.",Copied commercialOpportunity into preferred v0.1 field.,normalize-project-records.ts
2026-05-21,CFP-0030,natrium-kemmerer-unit-1-nuclear-power-plant,opportunityCategories,,Electrical Works; Grid Connection; O&M; Claims / Dispute Support; Legal / Contract Advisory; Commercial Management; Design / Engineering; Project Controls,"Added controlled v0.1 opportunity categories from sector, stage and title-derived project type.",normalize-project-records.ts
2026-05-21,CFP-0031,ppp-sanitation-concession-for-153-municipalities,region,Latin America,Other,Mapped non-core region into approved taxonomy.,normalize-project-records.ts
2026-05-21,CFP-0031,ppp-sanitation-concession-for-153-municipalities,preConstructionApproach,,Unknown,Added v0.1 pre-construction approach field.,normalize-project-records.ts
2026-05-21,CFP-0031,ppp-sanitation-concession-for-153-municipalities,confidenceLevel,Title-derived - requires article review,Needs Review,Mapped title-derived confidence into Needs Review.,normalize-project-records.ts
2026-05-21,CFP-0031,ppp-sanitation-concession-for-153-municipalities,mapReady,Needs review,false,Normalized yes/no map readiness to boolean text.,normalize-project-records.ts
2026-05-21,CFP-0031,ppp-sanitation-concession-for-153-municipalities,potentialOpportunities,,"Insufficient public information; review full article before BD action. Relevant categories may include process, civil, mechanical/electrical works, commissioning, O&M and PPP/concession advisory.",Copied commercialOpportunity into preferred v0.1 field.,normalize-project-records.ts
2026-05-21,CFP-0031,ppp-sanitation-concession-for-153-municipalities,opportunityCategories,,Water / Wastewater; Mechanical Works; Design / Engineering; O&M,"Added controlled v0.1 opportunity categories from sector, stage and title-derived project type.",normalize-project-records.ts
2026-05-21,CFP-0032,banha-and-nubaria-gas-power-plants,region,Middle East & Africa,Other,Mapped non-core region into approved taxonomy.,normalize-project-records.ts
2026-05-21,CFP-0032,banha-and-nubaria-gas-power-plants,preConstructionApproach,,Not Applicable,Added v0.1 pre-construction approach field.,normalize-project-records.ts
2026-05-21,CFP-0032,banha-and-nubaria-gas-power-plants,confidenceLevel,Title-derived - requires article review,Needs Review,Mapped title-derived confidence into Needs Review.,normalize-project-records.ts
2026-05-21,CFP-0032,banha-and-nubaria-gas-power-plants,mapReady,Yes,true,Normalized yes/no map readiness to boolean text.,normalize-project-records.ts
2026-05-21,CFP-0032,banha-and-nubaria-gas-power-plants,potentialOpportunities,,"Primary owner-side award appears made; suppliers/subcontractors should target appointed contractor, EPC/EPCM or alliance delivery team. Relevant categories may include grid connection, electrical balance of plant, civil works, owner’s engineering, controls, O&M and commercial advisory.",Copied commercialOpportunity into preferred v0.1 field.,normalize-project-records.ts
2026-05-21,CFP-0032,banha-and-nubaria-gas-power-plants,opportunityCategories,,Electrical Works; Grid Connection; O&M; Design / Engineering; Project Controls; Commercial Management,"Added controlled v0.1 opportunity categories from sector, stage and title-derived project type.",normalize-project-records.ts
2026-05-21,CFP-0033,hamilton-lrt,preConstructionApproach,,Unknown,Added v0.1 pre-construction approach field.,normalize-project-records.ts
2026-05-21,CFP-0033,hamilton-lrt,confidenceLevel,Title-derived - requires article review,Needs Review,Mapped title-derived confidence into Needs Review.,normalize-project-records.ts
2026-05-21,CFP-0033,hamilton-lrt,mapReady,Yes,true,Normalized yes/no map readiness to boolean text.,normalize-project-records.ts
2026-05-21,CFP-0033,hamilton-lrt,potentialOpportunities,,"Potentially active BD window; monitor tendering, package formation, financing close and contractor appointment. Relevant categories may include civil works, structures, systems, rail/road packages, utilities, design, project controls and commercial support.",Copied commercialOpportunity into preferred v0.1 field.,normalize-project-records.ts
2026-05-21,CFP-0033,hamilton-lrt,opportunityCategories,,Electrical Works; Grid Connection; O&M; Civil Works; Rail Systems; Utilities Relocation; Structures; Design / Engineering; Roadworks; Earthworks; Financing / Investment; Project Controls; Commercial Management,"Added controlled v0.1 opportunity categories from sector, stage and title-derived project type.",normalize-project-records.ts
2026-05-21,CFP-0034,hudson-tunnel-river-section,preConstructionApproach,,Not Applicable,Added v0.1 pre-construction approach field.,normalize-project-records.ts
2026-05-21,CFP-0034,hudson-tunnel-river-section,confidenceLevel,Title-derived - requires article review,Needs Review,Mapped title-derived confidence into Needs Review.,normalize-project-records.ts
2026-05-21,CFP-0034,hudson-tunnel-river-section,mapReady,Yes,true,Normalized yes/no map readiness to boolean text.,normalize-project-records.ts
2026-05-21,CFP-0034,hudson-tunnel-river-section,potentialOpportunities,,"Primary owner-side award appears made; suppliers/subcontractors should target appointed contractor, EPC/EPCM or alliance delivery team. Relevant supplier categories should be reviewed against the article and source package.",Copied commercialOpportunity into preferred v0.1 field.,normalize-project-records.ts
2026-05-21,CFP-0034,hudson-tunnel-river-section,opportunityCategories,,Design / Engineering; Project Controls; Commercial Management,"Added controlled v0.1 opportunity categories from sector, stage and title-derived project type.",normalize-project-records.ts
2026-05-21,CFP-0035,d35-motorway,preConstructionApproach,,Not Applicable,Added v0.1 pre-construction approach field.,normalize-project-records.ts
2026-05-21,CFP-0035,d35-motorway,confidenceLevel,Title-derived - requires article review,Needs Review,Mapped title-derived confidence into Needs Review.,normalize-project-records.ts
2026-05-21,CFP-0035,d35-motorway,mapReady,Yes,true,Normalized yes/no map readiness to boolean text.,normalize-project-records.ts
2026-05-21,CFP-0035,d35-motorway,potentialOpportunities,,"Primary owner-side award appears made; suppliers/subcontractors should target appointed contractor, EPC/EPCM or alliance delivery team. Relevant categories may include civil works, structures, systems, rail/road packages, utilities, design, project controls and commercial support.",Copied commercialOpportunity into preferred v0.1 field.,normalize-project-records.ts
2026-05-21,CFP-0035,d35-motorway,opportunityCategories,,Civil Works; Rail Systems; Utilities Relocation; Structures; Design / Engineering; Roadworks; Earthworks; Project Controls; Commercial Management,"Added controlled v0.1 opportunity categories from sector, stage and title-derived project type.",normalize-project-records.ts
2026-05-21,CFP-0036,north-station-draw-one-project,preConstructionApproach,,Not Applicable,Added v0.1 pre-construction approach field.,normalize-project-records.ts
2026-05-21,CFP-0036,north-station-draw-one-project,confidenceLevel,Title-derived - requires article review,Needs Review,Mapped title-derived confidence into Needs Review.,normalize-project-records.ts
2026-05-21,CFP-0036,north-station-draw-one-project,mapReady,Yes,true,Normalized yes/no map readiness to boolean text.,normalize-project-records.ts
2026-05-21,CFP-0036,north-station-draw-one-project,potentialOpportunities,,"Primary owner-side award appears made; suppliers/subcontractors should target appointed contractor, EPC/EPCM or alliance delivery team. Relevant supplier categories should be reviewed against the article and source package.",Copied commercialOpportunity into preferred v0.1 field.,normalize-project-records.ts
2026-05-21,CFP-0036,north-station-draw-one-project,opportunityCategories,,Design / Engineering; Project Controls; Commercial Management,"Added controlled v0.1 opportunity categories from sector, stage and title-derived project type.",normalize-project-records.ts
2026-05-21,CFP-0037,ol32-skavsta-rail-contract,preConstructionApproach,,Unknown,Added v0.1 pre-construction approach field.,normalize-project-records.ts
2026-05-21,CFP-0037,ol32-skavsta-rail-contract,confidenceLevel,Title-derived - requires article review,Needs Review,Mapped title-derived confidence into Needs Review.,normalize-project-records.ts
2026-05-21,CFP-0037,ol32-skavsta-rail-contract,mapReady,Yes,true,Normalized yes/no map readiness to boolean text.,normalize-project-records.ts
2026-05-21,CFP-0037,ol32-skavsta-rail-contract,potentialOpportunities,,"Potentially active BD window; monitor tendering, package formation, financing close and contractor appointment. Relevant categories may include civil works, structures, systems, rail/road packages, utilities, design, project controls and commercial support.",Copied commercialOpportunity into preferred v0.1 field.,normalize-project-records.ts
2026-05-21,CFP-0037,ol32-skavsta-rail-contract,opportunityCategories,,Electrical Works; Grid Connection; O&M; Civil Works; Rail Systems; Utilities Relocation; Structures; Design / Engineering; Roadworks; Earthworks; Financing / Investment; Project Controls; Commercial Management,"Added controlled v0.1 opportunity categories from sector, stage and title-derived project type.",normalize-project-records.ts
2026-05-21,CFP-0038,north-west-transmission-developments,preConstructionApproach,,Unknown,Added v0.1 pre-construction approach field.,normalize-project-records.ts
2026-05-21,CFP-0038,north-west-transmission-developments,confidenceLevel,Title-derived - requires article review,Needs Review,Mapped title-derived confidence into Needs Review.,normalize-project-records.ts
2026-05-21,CFP-0038,north-west-transmission-developments,mapReady,Yes,true,Normalized yes/no map readiness to boolean text.,normalize-project-records.ts
2026-05-21,CFP-0038,north-west-transmission-developments,potentialOpportunities,,"Potentially active BD window; monitor tendering, package formation, financing close and contractor appointment. Relevant categories may include grid connection, electrical balance of plant, civil works, owner’s engineering, controls, O&M and commercial advisory.",Copied commercialOpportunity into preferred v0.1 field.,normalize-project-records.ts
2026-05-21,CFP-0038,north-west-transmission-developments,opportunityCategories,,Electrical Works; Grid Connection; Transmission; O&M; Financing / Investment; Design / Engineering; Project Controls; Commercial Management,"Added controlled v0.1 opportunity categories from sector, stage and title-derived project type.",normalize-project-records.ts
2026-05-21,CFP-0039,jinbi-solar-project,preConstructionApproach,,Unknown,Added v0.1 pre-construction approach field.,normalize-project-records.ts
2026-05-21,CFP-0039,jinbi-solar-project,confidenceLevel,Title-derived - requires article review,Needs Review,Mapped title-derived confidence into Needs Review.,normalize-project-records.ts
2026-05-21,CFP-0039,jinbi-solar-project,mapReady,Needs review,false,Normalized yes/no map readiness to boolean text.,normalize-project-records.ts
2026-05-21,CFP-0039,jinbi-solar-project,potentialOpportunities,,"Potentially active BD window; monitor tendering, package formation, financing close and contractor appointment. Relevant categories may include grid connection, electrical balance of plant, civil works, owner’s engineering, controls, O&M and commercial advisory.",Copied commercialOpportunity into preferred v0.1 field.,normalize-project-records.ts
2026-05-21,CFP-0039,jinbi-solar-project,opportunityCategories,,Electrical Works; Grid Connection; O&M; Financing / Investment; Design / Engineering; Project Controls; Commercial Management,"Added controlled v0.1 opportunity categories from sector, stage and title-derived project type.",normalize-project-records.ts
2026-05-21,CFP-0040,el-patrimonio-solar-project,preConstructionApproach,,Not Applicable,Added v0.1 pre-construction approach field.,normalize-project-records.ts
2026-05-21,CFP-0040,el-patrimonio-solar-project,confidenceLevel,Title-derived - requires article review,Needs Review,Mapped title-derived confidence into Needs Review.,normalize-project-records.ts
2026-05-21,CFP-0040,el-patrimonio-solar-project,mapReady,Yes,true,Normalized yes/no map readiness to boolean text.,normalize-project-records.ts
2026-05-21,CFP-0040,el-patrimonio-solar-project,potentialOpportunities,,"Major packages likely committed; opportunity may sit in subcontracting, change management, commissioning, claims support or O&M preparation. Relevant categories may include grid connection, electrical balance of plant, civil works, owner’s engineering, controls, O&M and commercial advisory.",Copied commercialOpportunity into preferred v0.1 field.,normalize-project-records.ts
2026-05-21,CFP-0040,el-patrimonio-solar-project,opportunityCategories,,Electrical Works; Grid Connection; O&M; Claims / Dispute Support; Legal / Contract Advisory; Commercial Management; Design / Engineering; Project Controls,"Added controlled v0.1 opportunity categories from sector, stage and title-derived project type.",normalize-project-records.ts
2026-05-21,CFP-0041,sh-99-grand-parkway-segment-b-1-project,preConstructionApproach,,Unknown,Added v0.1 pre-construction approach field.,normalize-project-records.ts
2026-05-21,CFP-0041,sh-99-grand-parkway-segment-b-1-project,confidenceLevel,Title-derived - requires article review,Needs Review,Mapped title-derived confidence into Needs Review.,normalize-project-records.ts
2026-05-21,CFP-0041,sh-99-grand-parkway-segment-b-1-project,mapReady,Yes,true,Normalized yes/no map readiness to boolean text.,normalize-project-records.ts
2026-05-21,CFP-0041,sh-99-grand-parkway-segment-b-1-project,potentialOpportunities,,"Potentially active BD window; monitor tendering, package formation, financing close and contractor appointment. Relevant categories may include civil works, structures, systems, rail/road packages, utilities, design, project controls and commercial support.",Copied commercialOpportunity into preferred v0.1 field.,normalize-project-records.ts
2026-05-21,CFP-0041,sh-99-grand-parkway-segment-b-1-project,opportunityCategories,,Electrical Works; Grid Connection; O&M; Civil Works; Rail Systems; Utilities Relocation; Structures; Design / Engineering; Roadworks; Earthworks; Financing / Investment; Project Controls; Commercial Management,"Added controlled v0.1 opportunity categories from sector, stage and title-derived project type.",normalize-project-records.ts
2026-05-21,CFP-0042,beacon-point-ai-data-center-campus,preConstructionApproach,,Not Applicable,Added v0.1 pre-construction approach field.,normalize-project-records.ts
2026-05-21,CFP-0042,beacon-point-ai-data-center-campus,confidenceLevel,Title-derived - requires article review,Needs Review,Mapped title-derived confidence into Needs Review.,normalize-project-records.ts
2026-05-21,CFP-0042,beacon-point-ai-data-center-campus,mapReady,Yes,true,Normalized yes/no map readiness to boolean text.,normalize-project-records.ts
2026-05-21,CFP-0042,beacon-point-ai-data-center-campus,potentialOpportunities,,"Primary owner-side award appears made; suppliers/subcontractors should target appointed contractor, EPC/EPCM or alliance delivery team. Relevant categories may include power, cooling, civil works, grid interconnection, design, project controls and commissioning.",Copied commercialOpportunity into preferred v0.1 field.,normalize-project-records.ts
2026-05-21,CFP-0042,beacon-point-ai-data-center-campus,opportunityCategories,,Electrical Works; Grid Connection; O&M; Mechanical Works; Technology / Software; Design / Engineering; Project Controls; Commercial Management,"Added controlled v0.1 opportunity categories from sector, stage and title-derived project type.",normalize-project-records.ts
2026-05-21,CFP-0043,hs2-depot-and-control-centre,preConstructionApproach,,Not Applicable,Added v0.1 pre-construction approach field.,normalize-project-records.ts
2026-05-21,CFP-0043,hs2-depot-and-control-centre,confidenceLevel,Title-derived - requires article review,Needs Review,Mapped title-derived confidence into Needs Review.,normalize-project-records.ts
2026-05-21,CFP-0043,hs2-depot-and-control-centre,mapReady,Yes,true,Normalized yes/no map readiness to boolean text.,normalize-project-records.ts
2026-05-21,CFP-0043,hs2-depot-and-control-centre,potentialOpportunities,,"Primary owner-side award appears made; suppliers/subcontractors should target appointed contractor, EPC/EPCM or alliance delivery team. Relevant categories may include civil works, structures, systems, rail/road packages, utilities, design, project controls and commercial support.",Copied commercialOpportunity into preferred v0.1 field.,normalize-project-records.ts
2026-05-21,CFP-0043,hs2-depot-and-control-centre,opportunityCategories,,Civil Works; Rail Systems; Utilities Relocation; Structures; Design / Engineering; Roadworks; Earthworks; Project Controls; Commercial Management,"Added controlled v0.1 opportunity categories from sector, stage and title-derived project type.",normalize-project-records.ts
2026-05-21,CFP-0044,commonwealth-lng,preConstructionApproach,,Unknown,Added v0.1 pre-construction approach field.,normalize-project-records.ts
2026-05-21,CFP-0044,commonwealth-lng,confidenceLevel,Title-derived - requires article review,Needs Review,Mapped title-derived confidence into Needs Review.,normalize-project-records.ts
2026-05-21,CFP-0044,commonwealth-lng,mapReady,Yes,true,Normalized yes/no map readiness to boolean text.,normalize-project-records.ts
2026-05-21,CFP-0044,commonwealth-lng,potentialOpportunities,,"Potentially active BD window; monitor tendering, package formation, financing close and contractor appointment. Relevant categories may include grid connection, electrical balance of plant, civil works, owner’s engineering, controls, O&M and commercial advisory.",Copied commercialOpportunity into preferred v0.1 field.,normalize-project-records.ts
2026-05-21,CFP-0044,commonwealth-lng,opportunityCategories,,Electrical Works; Grid Connection; O&M; Financing / Investment; Design / Engineering; Project Controls; Commercial Management,"Added controlled v0.1 opportunity categories from sector, stage and title-derived project type.",normalize-project-records.ts
2026-05-21,CFP-0045,eagle-springs-and-lupinus-solar-storage-projects,preConstructionApproach,,Unknown,Added v0.1 pre-construction approach field.,normalize-project-records.ts
2026-05-21,CFP-0045,eagle-springs-and-lupinus-solar-storage-projects,confidenceLevel,Title-derived - requires article review,Needs Review,Mapped title-derived confidence into Needs Review.,normalize-project-records.ts
2026-05-21,CFP-0045,eagle-springs-and-lupinus-solar-storage-projects,mapReady,Yes,true,Normalized yes/no map readiness to boolean text.,normalize-project-records.ts
2026-05-21,CFP-0045,eagle-springs-and-lupinus-solar-storage-projects,potentialOpportunities,,"Potentially active BD window; monitor tendering, package formation, financing close and contractor appointment. Relevant categories may include grid connection, electrical balance of plant, civil works, owner’s engineering, controls, O&M and commercial advisory.",Copied commercialOpportunity into preferred v0.1 field.,normalize-project-records.ts
2026-05-21,CFP-0045,eagle-springs-and-lupinus-solar-storage-projects,opportunityCategories,,Electrical Works; Grid Connection; O&M; Financing / Investment; Design / Engineering; Project Controls; Commercial Management,"Added controlled v0.1 opportunity categories from sector, stage and title-derived project type.",normalize-project-records.ts
2026-05-21,CFP-0046,zeevonk-offshore-wind-project,preConstructionApproach,,Not Applicable,Added v0.1 pre-construction approach field.,normalize-project-records.ts
2026-05-21,CFP-0046,zeevonk-offshore-wind-project,confidenceLevel,Title-derived - requires article review,Needs Review,Mapped title-derived confidence into Needs Review.,normalize-project-records.ts
2026-05-21,CFP-0046,zeevonk-offshore-wind-project,mapReady,Yes,true,Normalized yes/no map readiness to boolean text.,normalize-project-records.ts
2026-05-21,CFP-0046,zeevonk-offshore-wind-project,potentialOpportunities,,"Primary owner-side award appears made; suppliers/subcontractors should target appointed contractor, EPC/EPCM or alliance delivery team. Relevant categories may include grid connection, electrical balance of plant, civil works, owner’s engineering, controls, O&M and commercial advisory.",Copied commercialOpportunity into preferred v0.1 field.,normalize-project-records.ts
2026-05-21,CFP-0046,zeevonk-offshore-wind-project,opportunityCategories,,Electrical Works; Grid Connection; O&M; Design / Engineering; Project Controls; Commercial Management,"Added controlled v0.1 opportunity categories from sector, stage and title-derived project type.",normalize-project-records.ts
2026-05-21,CFP-0047,850mw-renewable-ppa-portfolio,preConstructionApproach,,Unknown,Added v0.1 pre-construction approach field.,normalize-project-records.ts
2026-05-21,CFP-0047,850mw-renewable-ppa-portfolio,confidenceLevel,Title-derived - requires article review,Needs Review,Mapped title-derived confidence into Needs Review.,normalize-project-records.ts
2026-05-21,CFP-0047,850mw-renewable-ppa-portfolio,mapReady,Needs review,false,Normalized yes/no map readiness to boolean text.,normalize-project-records.ts
2026-05-21,CFP-0047,850mw-renewable-ppa-portfolio,potentialOpportunities,,"Potentially active BD window; monitor tendering, package formation, financing close and contractor appointment. Relevant categories may include grid connection, electrical balance of plant, civil works, owner’s engineering, controls, O&M and commercial advisory.",Copied commercialOpportunity into preferred v0.1 field.,normalize-project-records.ts
2026-05-21,CFP-0047,850mw-renewable-ppa-portfolio,opportunityCategories,,Electrical Works; Grid Connection; O&M; Financing / Investment; Design / Engineering; Project Controls; Commercial Management,"Added controlled v0.1 opportunity categories from sector, stage and title-derived project type.",normalize-project-records.ts
2026-05-21,CFP-0048,north-shore-wastewater-treatment-plant,preConstructionApproach,,Not Applicable,Added v0.1 pre-construction approach field.,normalize-project-records.ts
2026-05-21,CFP-0048,north-shore-wastewater-treatment-plant,confidenceLevel,Title-derived - requires article review,Needs Review,Mapped title-derived confidence into Needs Review.,normalize-project-records.ts
2026-05-21,CFP-0048,north-shore-wastewater-treatment-plant,mapReady,Yes,true,Normalized yes/no map readiness to boolean text.,normalize-project-records.ts
2026-05-21,CFP-0048,north-shore-wastewater-treatment-plant,potentialOpportunities,,"Insufficient public information; review full article before BD action. Relevant categories may include civil works, structures, systems, rail/road packages, utilities, design, project controls and commercial support.",Copied commercialOpportunity into preferred v0.1 field.,normalize-project-records.ts
2026-05-21,CFP-0048,north-shore-wastewater-treatment-plant,opportunityCategories,,Civil Works; Rail Systems; Utilities Relocation; Structures; Design / Engineering; Roadworks; Earthworks; Water / Wastewater; Mechanical Works; O&M; Claims / Dispute Support; Legal / Contract Advisory; Commercial Management; Project Controls,"Added controlled v0.1 opportunity categories from sector, stage and title-derived project type.",normalize-project-records.ts
2026-05-21,CFP-0049,1-158mw-of-wind-projects-in-british-columbia,preConstructionApproach,,Unknown,Added v0.1 pre-construction approach field.,normalize-project-records.ts
2026-05-21,CFP-0049,1-158mw-of-wind-projects-in-british-columbia,confidenceLevel,Title-derived - requires article review,Needs Review,Mapped title-derived confidence into Needs Review.,normalize-project-records.ts
2026-05-21,CFP-0049,1-158mw-of-wind-projects-in-british-columbia,mapReady,Needs review,false,Normalized yes/no map readiness to boolean text.,normalize-project-records.ts
2026-05-21,CFP-0049,1-158mw-of-wind-projects-in-british-columbia,potentialOpportunities,,"Insufficient public information; review full article before BD action. Relevant categories may include grid connection, electrical balance of plant, civil works, owner’s engineering, controls, O&M and commercial advisory.",Copied commercialOpportunity into preferred v0.1 field.,normalize-project-records.ts
2026-05-21,CFP-0049,1-158mw-of-wind-projects-in-british-columbia,opportunityCategories,,Electrical Works; Grid Connection; O&M; Design / Engineering; Project Controls; Commercial Management,"Added controlled v0.1 opportunity categories from sector, stage and title-derived project type.",normalize-project-records.ts
2026-05-21,CFP-0050,virginia-beach-resiliency-project,preConstructionApproach,,Not Applicable,Added v0.1 pre-construction approach field.,normalize-project-records.ts
2026-05-21,CFP-0050,virginia-beach-resiliency-project,confidenceLevel,Title-derived - requires article review,Needs Review,Mapped title-derived confidence into Needs Review.,normalize-project-records.ts
2026-05-21,CFP-0050,virginia-beach-resiliency-project,mapReady,Yes,true,Normalized yes/no map readiness to boolean text.,normalize-project-records.ts
2026-05-21,CFP-0050,virginia-beach-resiliency-project,potentialOpportunities,,"Major packages likely committed; opportunity may sit in subcontracting, change management, commissioning, claims support or O&M preparation. Relevant supplier categories should be reviewed against the article and source package.",Copied commercialOpportunity into preferred v0.1 field.,normalize-project-records.ts
2026-05-21,CFP-0050,virginia-beach-resiliency-project,opportunityCategories,,Claims / Dispute Support; Legal / Contract Advisory; Commercial Management; Design / Engineering; Project Controls,"Added controlled v0.1 opportunity categories from sector, stage and title-derived project type.",normalize-project-records.ts
2026-05-21,CFP-0051,sanitation-ppp-for-85-municipalities,region,Latin America,Other,Mapped non-core region into approved taxonomy.,normalize-project-records.ts
2026-05-21,CFP-0051,sanitation-ppp-for-85-municipalities,preConstructionApproach,,Not Applicable,Added v0.1 pre-construction approach field.,normalize-project-records.ts
2026-05-21,CFP-0051,sanitation-ppp-for-85-municipalities,confidenceLevel,Title-derived - requires article review,Needs Review,Mapped title-derived confidence into Needs Review.,normalize-project-records.ts
2026-05-21,CFP-0051,sanitation-ppp-for-85-municipalities,mapReady,Needs review,false,Normalized yes/no map readiness to boolean text.,normalize-project-records.ts
2026-05-21,CFP-0051,sanitation-ppp-for-85-municipalities,potentialOpportunities,,"Primary owner-side award appears made; suppliers/subcontractors should target appointed contractor, EPC/EPCM or alliance delivery team. Relevant categories may include process, civil, mechanical/electrical works, commissioning, O&M and PPP/concession advisory.",Copied commercialOpportunity into preferred v0.1 field.,normalize-project-records.ts
2026-05-21,CFP-0051,sanitation-ppp-for-85-municipalities,opportunityCategories,,Water / Wastewater; Mechanical Works; Design / Engineering; O&M; Project Controls; Commercial Management,"Added controlled v0.1 opportunity categories from sector, stage and title-derived project type.",normalize-project-records.ts
2026-05-21,CFP-0052,smoky-creek-and-guthries-gap-solar-battery-projects,preConstructionApproach,,Unknown,Added v0.1 pre-construction approach field.,normalize-project-records.ts
2026-05-21,CFP-0052,smoky-creek-and-guthries-gap-solar-battery-projects,confidenceLevel,Title-derived - requires article review,Needs Review,Mapped title-derived confidence into Needs Review.,normalize-project-records.ts
2026-05-21,CFP-0052,smoky-creek-and-guthries-gap-solar-battery-projects,mapReady,Yes,true,Normalized yes/no map readiness to boolean text.,normalize-project-records.ts
2026-05-21,CFP-0052,smoky-creek-and-guthries-gap-solar-battery-projects,potentialOpportunities,,"Potentially active BD window; monitor tendering, package formation, financing close and contractor appointment. Relevant categories may include grid connection, electrical balance of plant, civil works, owner’s engineering, controls, O&M and commercial advisory.",Copied commercialOpportunity into preferred v0.1 field.,normalize-project-records.ts
2026-05-21,CFP-0052,smoky-creek-and-guthries-gap-solar-battery-projects,opportunityCategories,,Electrical Works; Grid Connection; O&M; Financing / Investment; Design / Engineering; Project Controls; Commercial Management,"Added controlled v0.1 opportunity categories from sector, stage and title-derived project type.",normalize-project-records.ts
2026-05-21,CFP-0053,big-horn-i-wind-project-upgrade,preConstructionApproach,,Unknown,Added v0.1 pre-construction approach field.,normalize-project-records.ts
2026-05-21,CFP-0053,big-horn-i-wind-project-upgrade,confidenceLevel,Title-derived - requires article review,Needs Review,Mapped title-derived confidence into Needs Review.,normalize-project-records.ts
2026-05-21,CFP-0053,big-horn-i-wind-project-upgrade,mapReady,Needs review,false,Normalized yes/no map readiness to boolean text.,normalize-project-records.ts
2026-05-21,CFP-0053,big-horn-i-wind-project-upgrade,potentialOpportunities,,"Potentially active BD window; monitor tendering, package formation, financing close and contractor appointment. Relevant categories may include grid connection, electrical balance of plant, civil works, owner’s engineering, controls, O&M and commercial advisory.",Copied commercialOpportunity into preferred v0.1 field.,normalize-project-records.ts
2026-05-21,CFP-0053,big-horn-i-wind-project-upgrade,opportunityCategories,,Electrical Works; Grid Connection; O&M; Financing / Investment; Design / Engineering; Project Controls; Commercial Management,"Added controlled v0.1 opportunity categories from sector, stage and title-derived project type.",normalize-project-records.ts
