changeDate,slug,cfArticleUrl,field,before,after,reason,changedBy
2026-05-21,wagerup-bess,https://constructionfront.com/2025-09-20-genusplus-to-deliver-100mw-200mwh-wagerup-bess-for-alinta-energy-in-western-australia/,stateProvince,,Western Australia,10-record enrichment pilot: updated from reviewed ConstructionFront article and cited source information.,Codex enrichment pilot
2026-05-21,wagerup-bess,https://constructionfront.com/2025-09-20-genusplus-to-deliver-100mw-200mwh-wagerup-bess-for-alinta-energy-in-western-australia/,cityArea,Australia,Wagerup Power Station / South West,10-record enrichment pilot: updated from reviewed ConstructionFront article and cited source information.,Codex enrichment pilot
2026-05-21,wagerup-bess,https://constructionfront.com/2025-09-20-genusplus-to-deliver-100mw-200mwh-wagerup-bess-for-alinta-energy-in-western-australia/,latitude,-25.2744,-32.929,10-record enrichment pilot: updated from reviewed ConstructionFront article and cited source information.,Codex enrichment pilot
2026-05-21,wagerup-bess,https://constructionfront.com/2025-09-20-genusplus-to-deliver-100mw-200mwh-wagerup-bess-for-alinta-energy-in-western-australia/,longitude,133.7751,115.889,10-record enrichment pilot: updated from reviewed ConstructionFront article and cited source information.,Codex enrichment pilot
2026-05-21,wagerup-bess,https://constructionfront.com/2025-09-20-genusplus-to-deliver-100mw-200mwh-wagerup-bess-for-alinta-energy-in-western-australia/,projectStage,Unknown,Contract Awarded,10-record enrichment pilot: updated from reviewed ConstructionFront article and cited source information.,Codex enrichment pilot
2026-05-21,wagerup-bess,https://constructionfront.com/2025-09-20-genusplus-to-deliver-100mw-200mwh-wagerup-bess-for-alinta-energy-in-western-australia/,bdTiming,Low Visibility,Contractor Route,10-record enrichment pilot: updated from reviewed ConstructionFront article and cited source information.,Codex enrichment pilot
2026-05-21,wagerup-bess,https://constructionfront.com/2025-09-20-genusplus-to-deliver-100mw-200mwh-wagerup-bess-for-alinta-energy-in-western-australia/,projectValue,,50 million,10-record enrichment pilot: updated from reviewed ConstructionFront article and cited source information.,Codex enrichment pilot
2026-05-21,wagerup-bess,https://constructionfront.com/2025-09-20-genusplus-to-deliver-100mw-200mwh-wagerup-bess-for-alinta-energy-in-western-australia/,currency,,AUD,10-record enrichment pilot: updated from reviewed ConstructionFront article and cited source information.,Codex enrichment pilot
2026-05-21,wagerup-bess,https://constructionfront.com/2025-09-20-genusplus-to-deliver-100mw-200mwh-wagerup-bess-for-alinta-energy-in-western-australia/,mainContractor,GenusPlus,GenusPlus Group,10-record enrichment pilot: updated from reviewed ConstructionFront article and cited source information.,Codex enrichment pilot
2026-05-21,wagerup-bess,https://constructionfront.com/2025-09-20-genusplus-to-deliver-100mw-200mwh-wagerup-bess-for-alinta-energy-in-western-australia/,keyContractors,,Shanghai Electric Power Design Institute Co. Ltd (SEPD); Sunterra Pty Ltd,10-record enrichment pilot: updated from reviewed ConstructionFront article and cited source information.,Codex enrichment pilot
2026-05-21,wagerup-bess,https://constructionfront.com/2025-09-20-genusplus-to-deliver-100mw-200mwh-wagerup-bess-for-alinta-energy-in-western-australia/,contractType,Unknown,Balance of Plant works contract,10-record enrichment pilot: updated from reviewed ConstructionFront article and cited source information.,Codex enrichment pilot
2026-05-21,wagerup-bess,https://constructionfront.com/2025-09-20-genusplus-to-deliver-100mw-200mwh-wagerup-bess-for-alinta-energy-in-western-australia/,procurementStatus,Unknown,BoP contract awarded to GenusPlus,10-record enrichment pilot: updated from reviewed ConstructionFront article and cited source information.,Codex enrichment pilot
2026-05-21,wagerup-bess,https://constructionfront.com/2025-09-20-genusplus-to-deliver-100mw-200mwh-wagerup-bess-for-alinta-energy-in-western-australia/,commercialOpportunity,"Insufficient public information; review full article before BD action. Relevant categories may include grid connection, electrical balance of plant, civil works, owner’s engineering, controls, O&M and commercial advisory.","BoP package awarded; remaining opportunities likely sit with completion, commissioning, integration, local workforce and O&M support rather than main contractor procurement.",10-record enrichment pilot: updated from reviewed ConstructionFront article and cited source information.,Codex enrichment pilot
2026-05-21,wagerup-bess,https://constructionfront.com/2025-09-20-genusplus-to-deliver-100mw-200mwh-wagerup-bess-for-alinta-energy-in-western-australia/,confidenceLevel,Needs Review,Confirmed,10-record enrichment pilot: updated from reviewed ConstructionFront article and cited source information.,Codex enrichment pilot
2026-05-21,wagerup-bess,https://constructionfront.com/2025-09-20-genusplus-to-deliver-100mw-200mwh-wagerup-bess-for-alinta-energy-in-western-australia/,sourceUrl,https://constructionfront.com/2025-09-20-genusplus-to-deliver-100mw-200mwh-wagerup-bess-for-alinta-energy-in-western-australia/,https://constructionfront.com/2025-09-20-genusplus-to-deliver-100mw-200mwh-wagerup-bess-for-alinta-energy-in-western-australia/; Source cited by article: genus.com.au; alintaenergy.com.au,10-record enrichment pilot: updated from reviewed ConstructionFront article and cited source information.,Codex enrichment pilot
2026-05-21,wagerup-bess,https://constructionfront.com/2025-09-20-genusplus-to-deliver-100mw-200mwh-wagerup-bess-for-alinta-energy-in-western-australia/,sourceNotes,Initial record inferred from ConstructionFront article title and URL only. Verify against full article and official source before paid use.,"Approved for beta: article confirms Alinta Energy owner, GenusPlus BoP award, 100MW/200MWh capacity, Wagerup Power Station location, approx AUD 50m contract value, SEPD/Sunterra battery-system role, and SWIS context. Coordinates are approximate for Wagerup Power Station and suitable for beta map placement.",10-record enrichment pilot: updated from reviewed ConstructionFront article and cited source information.,Codex enrichment pilot
2026-05-21,wagerup-bess,https://constructionfront.com/2025-09-20-genusplus-to-deliver-100mw-200mwh-wagerup-bess-for-alinta-energy-in-western-australia/,reviewStatus,Needs Source Check,Approved,10-record enrichment pilot: updated from reviewed ConstructionFront article and cited source information.,Codex enrichment pilot
2026-05-21,wagerup-bess,https://constructionfront.com/2025-09-20-genusplus-to-deliver-100mw-200mwh-wagerup-bess-for-alinta-energy-in-western-australia/,mapReady,false,true,10-record enrichment pilot: updated from reviewed ConstructionFront article and cited source information.,Codex enrichment pilot
2026-05-21,wagerup-bess,https://constructionfront.com/2025-09-20-genusplus-to-deliver-100mw-200mwh-wagerup-bess-for-alinta-energy-in-western-australia/,includeInV0Map,false,true,10-record enrichment pilot: updated from reviewed ConstructionFront article and cited source information.,Codex enrichment pilot
2026-05-21,el-patrimonio-solar-project,https://constructionfront.com/2026-05-13-cps-energy-and-ashtrom-break-ground-on-150mw-el-patrimonio-solar-project-in-texas/,cityArea,,Bexar County,10-record enrichment pilot: updated from reviewed ConstructionFront article and cited source information.,Codex enrichment pilot
2026-05-21,el-patrimonio-solar-project,https://constructionfront.com/2026-05-13-cps-energy-and-ashtrom-break-ground-on-150mw-el-patrimonio-solar-project-in-texas/,latitude,31,29.448,10-record enrichment pilot: updated from reviewed ConstructionFront article and cited source information.,Codex enrichment pilot
2026-05-21,el-patrimonio-solar-project,https://constructionfront.com/2026-05-13-cps-energy-and-ashtrom-break-ground-on-150mw-el-patrimonio-solar-project-in-texas/,longitude,-99,-98.520,10-record enrichment pilot: updated from reviewed ConstructionFront article and cited source information.,Codex enrichment pilot
2026-05-21,el-patrimonio-solar-project,https://constructionfront.com/2026-05-13-cps-energy-and-ashtrom-break-ground-on-150mw-el-patrimonio-solar-project-in-texas/,ownerDeveloper,CPS Energy and Ashtrom,Ashtrom Renewable Energy,10-record enrichment pilot: updated from reviewed ConstructionFront article and cited source information.,Codex enrichment pilot
2026-05-21,el-patrimonio-solar-project,https://constructionfront.com/2026-05-13-cps-energy-and-ashtrom-break-ground-on-150mw-el-patrimonio-solar-project-in-texas/,clientAuthority,,CPS Energy,10-record enrichment pilot: updated from reviewed ConstructionFront article and cited source information.,Codex enrichment pilot
2026-05-21,el-patrimonio-solar-project,https://constructionfront.com/2026-05-13-cps-energy-and-ashtrom-break-ground-on-150mw-el-patrimonio-solar-project-in-texas/,mainContractor,,SOLV Energy,10-record enrichment pilot: updated from reviewed ConstructionFront article and cited source information.,Codex enrichment pilot
2026-05-21,el-patrimonio-solar-project,https://constructionfront.com/2026-05-13-cps-energy-and-ashtrom-break-ground-on-150mw-el-patrimonio-solar-project-in-texas/,keyContractors,,CPS Energy; SOLV Energy,10-record enrichment pilot: updated from reviewed ConstructionFront article and cited source information.,Codex enrichment pilot
2026-05-21,el-patrimonio-solar-project,https://constructionfront.com/2026-05-13-cps-energy-and-ashtrom-break-ground-on-150mw-el-patrimonio-solar-project-in-texas/,contractType,Unknown,20-year Power Purchase Agreement; construction/O&M partner role,10-record enrichment pilot: updated from reviewed ConstructionFront article and cited source information.,Codex enrichment pilot
2026-05-21,el-patrimonio-solar-project,https://constructionfront.com/2026-05-13-cps-energy-and-ashtrom-break-ground-on-150mw-el-patrimonio-solar-project-in-texas/,procurementStatus,Partly Awarded / Under Delivery,Groundbreaking completed; SOLV Energy identified as project partner,10-record enrichment pilot: updated from reviewed ConstructionFront article and cited source information.,Codex enrichment pilot
2026-05-21,el-patrimonio-solar-project,https://constructionfront.com/2026-05-13-cps-energy-and-ashtrom-break-ground-on-150mw-el-patrimonio-solar-project-in-texas/,fidStatus,Likely reached or not applicable,Unknown,10-record enrichment pilot: updated from reviewed ConstructionFront article and cited source information.,Codex enrichment pilot
2026-05-21,el-patrimonio-solar-project,https://constructionfront.com/2026-05-13-cps-energy-and-ashtrom-break-ground-on-150mw-el-patrimonio-solar-project-in-texas/,constructionStart,,2025,10-record enrichment pilot: updated from reviewed ConstructionFront article and cited source information.,Codex enrichment pilot
2026-05-21,el-patrimonio-solar-project,https://constructionfront.com/2026-05-13-cps-energy-and-ashtrom-break-ground-on-150mw-el-patrimonio-solar-project-in-texas/,completionTarget,,2027 operational target,10-record enrichment pilot: updated from reviewed ConstructionFront article and cited source information.,Codex enrichment pilot
2026-05-21,el-patrimonio-solar-project,https://constructionfront.com/2026-05-13-cps-energy-and-ashtrom-break-ground-on-150mw-el-patrimonio-solar-project-in-texas/,commercialOpportunity,"Major packages likely committed; opportunity may sit in subcontracting, change management, commissioning, claims support or O&M preparation. Relevant categories may include grid connection, electrical balance of plant, civil works, owner’s engineering, controls, O&M and commercial advisory.","Construction is underway; opportunity is late-stage around subcontracting, commissioning, grid interface, O&M and owner-side support rather than primary award pursuit.",10-record enrichment pilot: updated from reviewed ConstructionFront article and cited source information.,Codex enrichment pilot
2026-05-21,el-patrimonio-solar-project,https://constructionfront.com/2026-05-13-cps-energy-and-ashtrom-break-ground-on-150mw-el-patrimonio-solar-project-in-texas/,confidenceLevel,Needs Review,Confirmed,10-record enrichment pilot: updated from reviewed ConstructionFront article and cited source information.,Codex enrichment pilot
2026-05-21,el-patrimonio-solar-project,https://constructionfront.com/2026-05-13-cps-energy-and-ashtrom-break-ground-on-150mw-el-patrimonio-solar-project-in-texas/,sourceUrl,https://constructionfront.com/2026-05-13-cps-energy-and-ashtrom-break-ground-on-150mw-el-patrimonio-solar-project-in-texas/,https://constructionfront.com/2026-05-13-cps-energy-and-ashtrom-break-ground-on-150mw-el-patrimonio-solar-project-in-texas/; Sources cited by article: CPS Energy; Ashtrom Renewable Energy,10-record enrichment pilot: updated from reviewed ConstructionFront article and cited source information.,Codex enrichment pilot
2026-05-21,el-patrimonio-solar-project,https://constructionfront.com/2026-05-13-cps-energy-and-ashtrom-break-ground-on-150mw-el-patrimonio-solar-project-in-texas/,sourceNotes,Initial record inferred from ConstructionFront article title and URL only. Verify against full article and official source before paid use.,"Approved for beta: article confirms 150MWac solar project in Bexar County, Ashtrom developer, CPS Energy 20-year PPA for about 70% of output, SOLV Energy construction-through-operations role, construction start in 2025 and expected operation in 2027. Coordinates are Bexar County-level for beta map placement.",10-record enrichment pilot: updated from reviewed ConstructionFront article and cited source information.,Codex enrichment pilot
2026-05-21,el-patrimonio-solar-project,https://constructionfront.com/2026-05-13-cps-energy-and-ashtrom-break-ground-on-150mw-el-patrimonio-solar-project-in-texas/,reviewStatus,Needs Source Check,Approved,10-record enrichment pilot: updated from reviewed ConstructionFront article and cited source information.,Codex enrichment pilot
2026-05-21,big-horn-i-wind-project-upgrade,https://constructionfront.com/2026-05-21-avangrid-and-puget-sound-energy-sign-ppa-for-199-5mw-big-horn-i-wind-project-upgrade-in-washington/,cityArea,Big Horn wind area,Klickitat County / Columbia River Gorge,10-record enrichment pilot: updated from reviewed ConstructionFront article and cited source information.,Codex enrichment pilot
2026-05-21,big-horn-i-wind-project-upgrade,https://constructionfront.com/2026-05-21-avangrid-and-puget-sound-energy-sign-ppa-for-199-5mw-big-horn-i-wind-project-upgrade-in-washington/,latitude,45.8,45.80,10-record enrichment pilot: updated from reviewed ConstructionFront article and cited source information.,Codex enrichment pilot
2026-05-21,big-horn-i-wind-project-upgrade,https://constructionfront.com/2026-05-21-avangrid-and-puget-sound-energy-sign-ppa-for-199-5mw-big-horn-i-wind-project-upgrade-in-washington/,longitude,-120.5,-120.55,10-record enrichment pilot: updated from reviewed ConstructionFront article and cited source information.,Codex enrichment pilot
2026-05-21,big-horn-i-wind-project-upgrade,https://constructionfront.com/2026-05-21-avangrid-and-puget-sound-energy-sign-ppa-for-199-5mw-big-horn-i-wind-project-upgrade-in-washington/,projectStage,FID Pending,Planning / Approvals,10-record enrichment pilot: updated from reviewed ConstructionFront article and cited source information.,Codex enrichment pilot
2026-05-21,big-horn-i-wind-project-upgrade,https://constructionfront.com/2026-05-21-avangrid-and-puget-sound-energy-sign-ppa-for-199-5mw-big-horn-i-wind-project-upgrade-in-washington/,bdTiming,Active Opportunity,O&M Opportunity,10-record enrichment pilot: updated from reviewed ConstructionFront article and cited source information.,Codex enrichment pilot
2026-05-21,big-horn-i-wind-project-upgrade,https://constructionfront.com/2026-05-21-avangrid-and-puget-sound-energy-sign-ppa-for-199-5mw-big-horn-i-wind-project-upgrade-in-washington/,clientAuthority,,Puget Sound Energy,10-record enrichment pilot: updated from reviewed ConstructionFront article and cited source information.,Codex enrichment pilot
2026-05-21,big-horn-i-wind-project-upgrade,https://constructionfront.com/2026-05-21-avangrid-and-puget-sound-energy-sign-ppa-for-199-5mw-big-horn-i-wind-project-upgrade-in-washington/,contractType,PPA / offtake,Long-term Power Purchase Agreement supporting wind project upgrade,10-record enrichment pilot: updated from reviewed ConstructionFront article and cited source information.,Codex enrichment pilot
2026-05-21,big-horn-i-wind-project-upgrade,https://constructionfront.com/2026-05-21-avangrid-and-puget-sound-energy-sign-ppa-for-199-5mw-big-horn-i-wind-project-upgrade-in-washington/,procurementStatus,Power Purchase Agreement signed,PPA signed; upgrade contractor and detailed scope not disclosed,10-record enrichment pilot: updated from reviewed ConstructionFront article and cited source information.,Codex enrichment pilot
2026-05-21,big-horn-i-wind-project-upgrade,https://constructionfront.com/2026-05-21-avangrid-and-puget-sound-energy-sign-ppa-for-199-5mw-big-horn-i-wind-project-upgrade-in-washington/,fidStatus,Pending / not confirmed,Unknown,10-record enrichment pilot: updated from reviewed ConstructionFront article and cited source information.,Codex enrichment pilot
2026-05-21,big-horn-i-wind-project-upgrade,https://constructionfront.com/2026-05-21-avangrid-and-puget-sound-energy-sign-ppa-for-199-5mw-big-horn-i-wind-project-upgrade-in-washington/,completionTarget,,2028 commercial operation target for upgraded facility,10-record enrichment pilot: updated from reviewed ConstructionFront article and cited source information.,Codex enrichment pilot
2026-05-21,big-horn-i-wind-project-upgrade,https://constructionfront.com/2026-05-21-avangrid-and-puget-sound-energy-sign-ppa-for-199-5mw-big-horn-i-wind-project-upgrade-in-washington/,commercialOpportunity,"Potentially active BD window; monitor tendering, package formation, financing close and contractor appointment. Relevant categories may include grid connection, electrical balance of plant, civil works, owner’s engineering, controls, O&M and commercial advisory.","Monitor for OEM, component replacement, electrical works, outage planning, logistics and commissioning packages; article does not disclose contractor awards.",10-record enrichment pilot: updated from reviewed ConstructionFront article and cited source information.,Codex enrichment pilot
2026-05-21,big-horn-i-wind-project-upgrade,https://constructionfront.com/2026-05-21-avangrid-and-puget-sound-energy-sign-ppa-for-199-5mw-big-horn-i-wind-project-upgrade-in-washington/,confidenceLevel,Needs Review,Likely,10-record enrichment pilot: updated from reviewed ConstructionFront article and cited source information.,Codex enrichment pilot
2026-05-21,big-horn-i-wind-project-upgrade,https://constructionfront.com/2026-05-21-avangrid-and-puget-sound-energy-sign-ppa-for-199-5mw-big-horn-i-wind-project-upgrade-in-washington/,sourceUrl,https://constructionfront.com/2026-05-21-avangrid-and-puget-sound-energy-sign-ppa-for-199-5mw-big-horn-i-wind-project-upgrade-in-washington/,https://constructionfront.com/2026-05-21-avangrid-and-puget-sound-energy-sign-ppa-for-199-5mw-big-horn-i-wind-project-upgrade-in-washington/; Sources cited by article: Avangrid; Washington Utilities and Transportation Commission,10-record enrichment pilot: updated from reviewed ConstructionFront article and cited source information.,Codex enrichment pilot
2026-05-21,big-horn-i-wind-project-upgrade,https://constructionfront.com/2026-05-21-avangrid-and-puget-sound-energy-sign-ppa-for-199-5mw-big-horn-i-wind-project-upgrade-in-washington/,sourceNotes,Initial record inferred from ConstructionFront article title and URL only. Verify against full article and official source before paid use.,"Not approved yet: article confirms Avangrid/PSE PPA, 199.5MW Big Horn I location in Klickitat County and 2028 upgraded commercial operation target, but does not disclose upgrade contractors, price, PPA term or detailed repowering scope. Coordinates are approximate county/project-area placement.",10-record enrichment pilot: updated from reviewed ConstructionFront article and cited source information.,Codex enrichment pilot
2026-05-21,big-horn-i-wind-project-upgrade,https://constructionfront.com/2026-05-21-avangrid-and-puget-sound-energy-sign-ppa-for-199-5mw-big-horn-i-wind-project-upgrade-in-washington/,reviewStatus,Needs Source Check,Needs Contractor Verification,10-record enrichment pilot: updated from reviewed ConstructionFront article and cited source information.,Codex enrichment pilot
2026-05-21,big-horn-i-wind-project-upgrade,https://constructionfront.com/2026-05-21-avangrid-and-puget-sound-energy-sign-ppa-for-199-5mw-big-horn-i-wind-project-upgrade-in-washington/,mapReady,false,true,10-record enrichment pilot: updated from reviewed ConstructionFront article and cited source information.,Codex enrichment pilot
2026-05-21,german-grid-expansion,https://constructionfront.com/2025-09-08-rwe-and-apollo-global-management-form-strategic-joint-venture-for-german-grid-expansion/,latitude,51.1657,,10-record enrichment pilot: updated from reviewed ConstructionFront article and cited source information.,Codex enrichment pilot
2026-05-21,german-grid-expansion,https://constructionfront.com/2025-09-08-rwe-and-apollo-global-management-form-strategic-joint-venture-for-german-grid-expansion/,longitude,10.4515,,10-record enrichment pilot: updated from reviewed ConstructionFront article and cited source information.,Codex enrichment pilot
2026-05-21,german-grid-expansion,https://constructionfront.com/2025-09-08-rwe-and-apollo-global-management-form-strategic-joint-venture-for-german-grid-expansion/,projectValue,,3.2 billion,10-record enrichment pilot: updated from reviewed ConstructionFront article and cited source information.,Codex enrichment pilot
2026-05-21,german-grid-expansion,https://constructionfront.com/2025-09-08-rwe-and-apollo-global-management-form-strategic-joint-venture-for-german-grid-expansion/,currency,,EUR,10-record enrichment pilot: updated from reviewed ConstructionFront article and cited source information.,Codex enrichment pilot
2026-05-21,german-grid-expansion,https://constructionfront.com/2025-09-08-rwe-and-apollo-global-management-form-strategic-joint-venture-for-german-grid-expansion/,ownerDeveloper,RWE and Apollo Global Management,RWE; Apollo Global Management; Amprion,10-record enrichment pilot: updated from reviewed ConstructionFront article and cited source information.,Codex enrichment pilot
2026-05-21,german-grid-expansion,https://constructionfront.com/2025-09-08-rwe-and-apollo-global-management-form-strategic-joint-venture-for-german-grid-expansion/,clientAuthority,,Amprion,10-record enrichment pilot: updated from reviewed ConstructionFront article and cited source information.,Codex enrichment pilot
2026-05-21,german-grid-expansion,https://constructionfront.com/2025-09-08-rwe-and-apollo-global-management-form-strategic-joint-venture-for-german-grid-expansion/,mainContractor,,Unknown,10-record enrichment pilot: updated from reviewed ConstructionFront article and cited source information.,Codex enrichment pilot
2026-05-21,german-grid-expansion,https://constructionfront.com/2025-09-08-rwe-and-apollo-global-management-form-strategic-joint-venture-for-german-grid-expansion/,keyContractors,,RWE; Apollo Global Management,10-record enrichment pilot: updated from reviewed ConstructionFront article and cited source information.,Codex enrichment pilot
2026-05-21,german-grid-expansion,https://constructionfront.com/2025-09-08-rwe-and-apollo-global-management-form-strategic-joint-venture-for-german-grid-expansion/,contractType,Unknown,Joint venture / infrastructure equity financing,10-record enrichment pilot: updated from reviewed ConstructionFront article and cited source information.,Codex enrichment pilot
2026-05-21,german-grid-expansion,https://constructionfront.com/2025-09-08-rwe-and-apollo-global-management-form-strategic-joint-venture-for-german-grid-expansion/,procurementStatus,Unknown,JV agreed; transaction expected to close Q4 2025 subject to approvals,10-record enrichment pilot: updated from reviewed ConstructionFront article and cited source information.,Codex enrichment pilot
2026-05-21,german-grid-expansion,https://constructionfront.com/2025-09-08-rwe-and-apollo-global-management-form-strategic-joint-venture-for-german-grid-expansion/,completionTarget,,Q4 2025 expected transaction close,10-record enrichment pilot: updated from reviewed ConstructionFront article and cited source information.,Codex enrichment pilot
2026-05-21,german-grid-expansion,https://constructionfront.com/2025-09-08-rwe-and-apollo-global-management-form-strategic-joint-venture-for-german-grid-expansion/,commercialOpportunity,"Monitor approvals, financing/FID and procurement signals; suitable for early relationship-building with owner/developer. Relevant categories may include grid connection, electrical balance of plant, civil works, owner’s engineering, controls, O&M and commercial advisory.",Strategic finance signal for Amprion grid expansion; not a discrete construction package. Monitor Amprion grid development roadmap and future procurement packages.,10-record enrichment pilot: updated from reviewed ConstructionFront article and cited source information.,Codex enrichment pilot
2026-05-21,german-grid-expansion,https://constructionfront.com/2025-09-08-rwe-and-apollo-global-management-form-strategic-joint-venture-for-german-grid-expansion/,confidenceLevel,Needs Review,Likely,10-record enrichment pilot: updated from reviewed ConstructionFront article and cited source information.,Codex enrichment pilot
2026-05-21,german-grid-expansion,https://constructionfront.com/2025-09-08-rwe-and-apollo-global-management-form-strategic-joint-venture-for-german-grid-expansion/,sourceUrl,https://constructionfront.com/2025-09-08-rwe-and-apollo-global-management-form-strategic-joint-venture-for-german-grid-expansion/,https://constructionfront.com/2025-09-08-rwe-and-apollo-global-management-form-strategic-joint-venture-for-german-grid-expansion/; Source cited by article: rwe.com,10-record enrichment pilot: updated from reviewed ConstructionFront article and cited source information.,Codex enrichment pilot
2026-05-21,german-grid-expansion,https://constructionfront.com/2025-09-08-rwe-and-apollo-global-management-form-strategic-joint-venture-for-german-grid-expansion/,sourceNotes,Initial record inferred from ConstructionFront article title and URL only. Verify against full article and official source before paid use.,"Not approved for beta project map: article confirms RWE/Apollo JV and EUR 3.2bn upfront contribution tied to RWE shareholding in Amprion, but the record represents a broad grid expansion financing programme rather than a specific mappable project package.",10-record enrichment pilot: updated from reviewed ConstructionFront article and cited source information.,Codex enrichment pilot
2026-05-21,german-grid-expansion,https://constructionfront.com/2025-09-08-rwe-and-apollo-global-management-form-strategic-joint-venture-for-german-grid-expansion/,mapReady,true,false,10-record enrichment pilot: updated from reviewed ConstructionFront article and cited source information.,Codex enrichment pilot
2026-05-21,german-grid-expansion,https://constructionfront.com/2025-09-08-rwe-and-apollo-global-management-form-strategic-joint-venture-for-german-grid-expansion/,includeInV0Map,true,false,10-record enrichment pilot: updated from reviewed ConstructionFront article and cited source information.,Codex enrichment pilot
2026-05-21,hamilton-lrt,https://constructionfront.com/2026-05-04-aecon-led-alliance-selected-for-hamilton-lrt-civil-and-utilities-works-in-ontario/,cityArea,,"Hamilton, McMaster University to Eastgate Square corridor",10-record enrichment pilot: updated from reviewed ConstructionFront article and cited source information.,Codex enrichment pilot
2026-05-21,hamilton-lrt,https://constructionfront.com/2026-05-04-aecon-led-alliance-selected-for-hamilton-lrt-civil-and-utilities-works-in-ontario/,latitude,50,43.2557,10-record enrichment pilot: updated from reviewed ConstructionFront article and cited source information.,Codex enrichment pilot
2026-05-21,hamilton-lrt,https://constructionfront.com/2026-05-04-aecon-led-alliance-selected-for-hamilton-lrt-civil-and-utilities-works-in-ontario/,longitude,-85,-79.8711,10-record enrichment pilot: updated from reviewed ConstructionFront article and cited source information.,Codex enrichment pilot
2026-05-21,hamilton-lrt,https://constructionfront.com/2026-05-04-aecon-led-alliance-selected-for-hamilton-lrt-civil-and-utilities-works-in-ontario/,projectStage,Tendering / Procurement,FEED / Design Development,10-record enrichment pilot: updated from reviewed ConstructionFront article and cited source information.,Codex enrichment pilot
2026-05-21,hamilton-lrt,https://constructionfront.com/2026-05-04-aecon-led-alliance-selected-for-hamilton-lrt-civil-and-utilities-works-in-ontario/,ownerDeveloper,,Metrolinx,10-record enrichment pilot: updated from reviewed ConstructionFront article and cited source information.,Codex enrichment pilot
2026-05-21,hamilton-lrt,https://constructionfront.com/2026-05-04-aecon-led-alliance-selected-for-hamilton-lrt-civil-and-utilities-works-in-ontario/,clientAuthority,,Metrolinx,10-record enrichment pilot: updated from reviewed ConstructionFront article and cited source information.,Codex enrichment pilot
2026-05-21,hamilton-lrt,https://constructionfront.com/2026-05-04-aecon-led-alliance-selected-for-hamilton-lrt-civil-and-utilities-works-in-ontario/,mainContractor,Aecon-led alliance,Hamilton LRT Civil & Utilities Alliance / Aecon,10-record enrichment pilot: updated from reviewed ConstructionFront article and cited source information.,Codex enrichment pilot
2026-05-21,hamilton-lrt,https://constructionfront.com/2026-05-04-aecon-led-alliance-selected-for-hamilton-lrt-civil-and-utilities-works-in-ontario/,keyContractors,,Aecon; Hatch-Egis-SYSTRA JV,10-record enrichment pilot: updated from reviewed ConstructionFront article and cited source information.,Codex enrichment pilot
2026-05-21,hamilton-lrt,https://constructionfront.com/2026-05-04-aecon-led-alliance-selected-for-hamilton-lrt-civil-and-utilities-works-in-ontario/,contractType,Alliance,Alliance development phase / pre-construction services agreement,10-record enrichment pilot: updated from reviewed ConstructionFront article and cited source information.,Codex enrichment pilot
2026-05-21,hamilton-lrt,https://constructionfront.com/2026-05-04-aecon-led-alliance-selected-for-hamilton-lrt-civil-and-utilities-works-in-ontario/,procurementStatus,Awarded,Development partner selected for civil and utilities works,10-record enrichment pilot: updated from reviewed ConstructionFront article and cited source information.,Codex enrichment pilot
2026-05-21,hamilton-lrt,https://constructionfront.com/2026-05-04-aecon-led-alliance-selected-for-hamilton-lrt-civil-and-utilities-works-in-ontario/,completionTarget,,18-24 month development phase before construction implementation phase,10-record enrichment pilot: updated from reviewed ConstructionFront article and cited source information.,Codex enrichment pilot
2026-05-21,hamilton-lrt,https://constructionfront.com/2026-05-04-aecon-led-alliance-selected-for-hamilton-lrt-civil-and-utilities-works-in-ontario/,commercialOpportunity,"Potentially active BD window; monitor tendering, package formation, financing close and contractor appointment. Relevant categories may include civil works, structures, systems, rail/road packages, utilities, design, project controls and commercial support.","Active pre-construction window: scope, cost, schedule, utility interfaces and constructability are being refined before implementation.",10-record enrichment pilot: updated from reviewed ConstructionFront article and cited source information.,Codex enrichment pilot
2026-05-21,hamilton-lrt,https://constructionfront.com/2026-05-04-aecon-led-alliance-selected-for-hamilton-lrt-civil-and-utilities-works-in-ontario/,confidenceLevel,Needs Review,Confirmed,10-record enrichment pilot: updated from reviewed ConstructionFront article and cited source information.,Codex enrichment pilot
2026-05-21,hamilton-lrt,https://constructionfront.com/2026-05-04-aecon-led-alliance-selected-for-hamilton-lrt-civil-and-utilities-works-in-ontario/,sourceUrl,https://constructionfront.com/2026-05-04-aecon-led-alliance-selected-for-hamilton-lrt-civil-and-utilities-works-in-ontario/,https://constructionfront.com/2026-05-04-aecon-led-alliance-selected-for-hamilton-lrt-civil-and-utilities-works-in-ontario/; Sources cited by article: Aecon; Metrolinx,10-record enrichment pilot: updated from reviewed ConstructionFront article and cited source information.,Codex enrichment pilot
2026-05-21,hamilton-lrt,https://constructionfront.com/2026-05-04-aecon-led-alliance-selected-for-hamilton-lrt-civil-and-utilities-works-in-ontario/,sourceNotes,Initial record inferred from ConstructionFront article title and URL only. Verify against full article and official source before paid use.,"Approved for beta: article confirms Metrolinx owner, Aecon-led alliance selection, Hatch-Egis-SYSTRA design partner, 14km/17-stop corridor from McMaster University to Eastgate Square, and 18-24 month development phase. Coordinates are Hamilton corridor-level.",10-record enrichment pilot: updated from reviewed ConstructionFront article and cited source information.,Codex enrichment pilot
2026-05-21,hamilton-lrt,https://constructionfront.com/2026-05-04-aecon-led-alliance-selected-for-hamilton-lrt-civil-and-utilities-works-in-ontario/,reviewStatus,Needs Source Check,Approved,10-record enrichment pilot: updated from reviewed ConstructionFront article and cited source information.,Codex enrichment pilot
2026-05-21,d35-motorway,https://constructionfront.com/2026-05-07-strabag-consortium-wins-177-million-d35-motorway-contract-in-the-czech-republic/,cityArea,D35 motorway corridor,Úlibice-Hořice corridor,10-record enrichment pilot: updated from reviewed ConstructionFront article and cited source information.,Codex enrichment pilot
2026-05-21,d35-motorway,https://constructionfront.com/2026-05-07-strabag-consortium-wins-177-million-d35-motorway-contract-in-the-czech-republic/,latitude,50,50.37,10-record enrichment pilot: updated from reviewed ConstructionFront article and cited source information.,Codex enrichment pilot
2026-05-21,d35-motorway,https://constructionfront.com/2026-05-07-strabag-consortium-wins-177-million-d35-motorway-contract-in-the-czech-republic/,longitude,15.8,15.56,10-record enrichment pilot: updated from reviewed ConstructionFront article and cited source information.,Codex enrichment pilot
2026-05-21,d35-motorway,https://constructionfront.com/2026-05-07-strabag-consortium-wins-177-million-d35-motorway-contract-in-the-czech-republic/,projectStage,Contract Awarded,Under Construction,10-record enrichment pilot: updated from reviewed ConstructionFront article and cited source information.,Codex enrichment pilot
2026-05-21,d35-motorway,https://constructionfront.com/2026-05-07-strabag-consortium-wins-177-million-d35-motorway-contract-in-the-czech-republic/,ownerDeveloper,,Czech Republic national road authority / Ředitelství silnic a dálnic,10-record enrichment pilot: updated from reviewed ConstructionFront article and cited source information.,Codex enrichment pilot
2026-05-21,d35-motorway,https://constructionfront.com/2026-05-07-strabag-consortium-wins-177-million-d35-motorway-contract-in-the-czech-republic/,clientAuthority,,Ředitelství silnic a dálnic,10-record enrichment pilot: updated from reviewed ConstructionFront article and cited source information.,Codex enrichment pilot
2026-05-21,d35-motorway,https://constructionfront.com/2026-05-07-strabag-consortium-wins-177-million-d35-motorway-contract-in-the-czech-republic/,mainContractor,STRABAG consortium,STRABAG-led consortium / STRABAG SIS a.s.,10-record enrichment pilot: updated from reviewed ConstructionFront article and cited source information.,Codex enrichment pilot
2026-05-21,d35-motorway,https://constructionfront.com/2026-05-07-strabag-consortium-wins-177-million-d35-motorway-contract-in-the-czech-republic/,keyContractors,,STRABAG SIS a.s.,10-record enrichment pilot: updated from reviewed ConstructionFront article and cited source information.,Codex enrichment pilot
2026-05-21,d35-motorway,https://constructionfront.com/2026-05-07-strabag-consortium-wins-177-million-d35-motorway-contract-in-the-czech-republic/,contractType,Unknown,Motorway civil works construction contract,10-record enrichment pilot: updated from reviewed ConstructionFront article and cited source information.,Codex enrichment pilot
2026-05-21,d35-motorway,https://constructionfront.com/2026-05-07-strabag-consortium-wins-177-million-d35-motorway-contract-in-the-czech-republic/,procurementStatus,Awarded,Contract awarded to STRABAG-led consortium,10-record enrichment pilot: updated from reviewed ConstructionFront article and cited source information.,Codex enrichment pilot
2026-05-21,d35-motorway,https://constructionfront.com/2026-05-07-strabag-consortium-wins-177-million-d35-motorway-contract-in-the-czech-republic/,fidStatus,Likely reached or not applicable,Unknown,10-record enrichment pilot: updated from reviewed ConstructionFront article and cited source information.,Codex enrichment pilot
2026-05-21,d35-motorway,https://constructionfront.com/2026-05-07-strabag-consortium-wins-177-million-d35-motorway-contract-in-the-czech-republic/,constructionStart,,April 2026,10-record enrichment pilot: updated from reviewed ConstructionFront article and cited source information.,Codex enrichment pilot
2026-05-21,d35-motorway,https://constructionfront.com/2026-05-07-strabag-consortium-wins-177-million-d35-motorway-contract-in-the-czech-republic/,completionTarget,,46-month construction period; road opening planned after 34 months,10-record enrichment pilot: updated from reviewed ConstructionFront article and cited source information.,Codex enrichment pilot
2026-05-21,d35-motorway,https://constructionfront.com/2026-05-07-strabag-consortium-wins-177-million-d35-motorway-contract-in-the-czech-republic/,commercialOpportunity,"Primary owner-side award appears made; suppliers/subcontractors should target appointed contractor, EPC/EPCM or alliance delivery team. Relevant categories may include civil works, structures, systems, rail/road packages, utilities, design, project controls and commercial support.","Main civil contract awarded and construction started; opportunities are contractor-route subcontracting, structures, utilities, drainage, noise barriers, technology and supply chain packages.",10-record enrichment pilot: updated from reviewed ConstructionFront article and cited source information.,Codex enrichment pilot
2026-05-21,d35-motorway,https://constructionfront.com/2026-05-07-strabag-consortium-wins-177-million-d35-motorway-contract-in-the-czech-republic/,confidenceLevel,Needs Review,Confirmed,10-record enrichment pilot: updated from reviewed ConstructionFront article and cited source information.,Codex enrichment pilot
2026-05-21,d35-motorway,https://constructionfront.com/2026-05-07-strabag-consortium-wins-177-million-d35-motorway-contract-in-the-czech-republic/,sourceUrl,https://constructionfront.com/2026-05-07-strabag-consortium-wins-177-million-d35-motorway-contract-in-the-czech-republic/,https://constructionfront.com/2026-05-07-strabag-consortium-wins-177-million-d35-motorway-contract-in-the-czech-republic/; Source cited by article: STRABAG; supporting road-authority information,10-record enrichment pilot: updated from reviewed ConstructionFront article and cited source information.,Codex enrichment pilot
2026-05-21,d35-motorway,https://constructionfront.com/2026-05-07-strabag-consortium-wins-177-million-d35-motorway-contract-in-the-czech-republic/,sourceNotes,Initial record inferred from ConstructionFront article title and URL only. Verify against full article and official source before paid use.,"Approved for beta: article confirms EUR 177m contract, STRABAG-led consortium, 16.3km Úlibice-Hořice motorway section, 18 bridges, April 2026 construction start and delivery period. Coordinates are corridor-level midpoint.",10-record enrichment pilot: updated from reviewed ConstructionFront article and cited source information.,Codex enrichment pilot
2026-05-21,d35-motorway,https://constructionfront.com/2026-05-07-strabag-consortium-wins-177-million-d35-motorway-contract-in-the-czech-republic/,reviewStatus,Needs Source Check,Approved,10-record enrichment pilot: updated from reviewed ConstructionFront article and cited source information.,Codex enrichment pilot
2026-05-21,beacon-point-ai-data-center-campus,https://constructionfront.com/2026-05-14-jacobs-awarded-epcm-contract-for-hut-8-1gw-beacon-point-ai-data-center-campus-in-texas/,cityArea,,Nueces County,10-record enrichment pilot: updated from reviewed ConstructionFront article and cited source information.,Codex enrichment pilot
2026-05-21,beacon-point-ai-data-center-campus,https://constructionfront.com/2026-05-14-jacobs-awarded-epcm-contract-for-hut-8-1gw-beacon-point-ai-data-center-campus-in-texas/,latitude,31,27.8006,10-record enrichment pilot: updated from reviewed ConstructionFront article and cited source information.,Codex enrichment pilot
2026-05-21,beacon-point-ai-data-center-campus,https://constructionfront.com/2026-05-14-jacobs-awarded-epcm-contract-for-hut-8-1gw-beacon-point-ai-data-center-campus-in-texas/,longitude,-99,-97.3964,10-record enrichment pilot: updated from reviewed ConstructionFront article and cited source information.,Codex enrichment pilot
2026-05-21,beacon-point-ai-data-center-campus,https://constructionfront.com/2026-05-14-jacobs-awarded-epcm-contract-for-hut-8-1gw-beacon-point-ai-data-center-campus-in-texas/,projectValue,,17 billion,10-record enrichment pilot: updated from reviewed ConstructionFront article and cited source information.,Codex enrichment pilot
2026-05-21,beacon-point-ai-data-center-campus,https://constructionfront.com/2026-05-14-jacobs-awarded-epcm-contract-for-hut-8-1gw-beacon-point-ai-data-center-campus-in-texas/,currency,,USD,10-record enrichment pilot: updated from reviewed ConstructionFront article and cited source information.,Codex enrichment pilot
2026-05-21,beacon-point-ai-data-center-campus,https://constructionfront.com/2026-05-14-jacobs-awarded-epcm-contract-for-hut-8-1gw-beacon-point-ai-data-center-campus-in-texas/,clientAuthority,,Hut 8,10-record enrichment pilot: updated from reviewed ConstructionFront article and cited source information.,Codex enrichment pilot
2026-05-21,beacon-point-ai-data-center-campus,https://constructionfront.com/2026-05-14-jacobs-awarded-epcm-contract-for-hut-8-1gw-beacon-point-ai-data-center-campus-in-texas/,keyContractors,,Jacobs,10-record enrichment pilot: updated from reviewed ConstructionFront article and cited source information.,Codex enrichment pilot
2026-05-21,beacon-point-ai-data-center-campus,https://constructionfront.com/2026-05-14-jacobs-awarded-epcm-contract-for-hut-8-1gw-beacon-point-ai-data-center-campus-in-texas/,contractType,EPCM,Sole-source EPCM contract,10-record enrichment pilot: updated from reviewed ConstructionFront article and cited source information.,Codex enrichment pilot
2026-05-21,beacon-point-ai-data-center-campus,https://constructionfront.com/2026-05-14-jacobs-awarded-epcm-contract-for-hut-8-1gw-beacon-point-ai-data-center-campus-in-texas/,procurementStatus,Awarded,EPCM contract awarded to Jacobs,10-record enrichment pilot: updated from reviewed ConstructionFront article and cited source information.,Codex enrichment pilot
2026-05-21,beacon-point-ai-data-center-campus,https://constructionfront.com/2026-05-14-jacobs-awarded-epcm-contract-for-hut-8-1gw-beacon-point-ai-data-center-campus-in-texas/,fidStatus,Likely reached or not applicable,Unknown,10-record enrichment pilot: updated from reviewed ConstructionFront article and cited source information.,Codex enrichment pilot
2026-05-21,beacon-point-ai-data-center-campus,https://constructionfront.com/2026-05-14-jacobs-awarded-epcm-contract-for-hut-8-1gw-beacon-point-ai-data-center-campus-in-texas/,completionTarget,,700MW expected by Q1 2027; remaining 300MW anticipated by Q4 2028 subject to system upgrades,10-record enrichment pilot: updated from reviewed ConstructionFront article and cited source information.,Codex enrichment pilot
2026-05-21,beacon-point-ai-data-center-campus,https://constructionfront.com/2026-05-14-jacobs-awarded-epcm-contract-for-hut-8-1gw-beacon-point-ai-data-center-campus-in-texas/,commercialOpportunity,"Primary owner-side award appears made; suppliers/subcontractors should target appointed contractor, EPC/EPCM or alliance delivery team. Relevant categories may include power, cooling, civil works, grid interconnection, design, project controls and commissioning.","EPCM awarded; monitor owner-led procurement, phased packages, utility interconnection, cooling, commissioning, equipment and tenant-driven buildout packages.",10-record enrichment pilot: updated from reviewed ConstructionFront article and cited source information.,Codex enrichment pilot
2026-05-21,beacon-point-ai-data-center-campus,https://constructionfront.com/2026-05-14-jacobs-awarded-epcm-contract-for-hut-8-1gw-beacon-point-ai-data-center-campus-in-texas/,confidenceLevel,Needs Review,Confirmed,10-record enrichment pilot: updated from reviewed ConstructionFront article and cited source information.,Codex enrichment pilot
2026-05-21,beacon-point-ai-data-center-campus,https://constructionfront.com/2026-05-14-jacobs-awarded-epcm-contract-for-hut-8-1gw-beacon-point-ai-data-center-campus-in-texas/,sourceUrl,https://constructionfront.com/2026-05-14-jacobs-awarded-epcm-contract-for-hut-8-1gw-beacon-point-ai-data-center-campus-in-texas/,https://constructionfront.com/2026-05-14-jacobs-awarded-epcm-contract-for-hut-8-1gw-beacon-point-ai-data-center-campus-in-texas/; Sources cited by article: Jacobs; Hut 8,10-record enrichment pilot: updated from reviewed ConstructionFront article and cited source information.,Codex enrichment pilot
2026-05-21,beacon-point-ai-data-center-campus,https://constructionfront.com/2026-05-14-jacobs-awarded-epcm-contract-for-hut-8-1gw-beacon-point-ai-data-center-campus-in-texas/,sourceNotes,Initial record inferred from ConstructionFront article title and URL only. Verify against full article and official source before paid use.,"Approved for beta: article confirms Hut 8 owner, Jacobs sole-source EPCM contract, Nueces County location, 1GW utility capacity, 525-acre footprint, USD 17bn first two phases, and phased energization targets. Coordinates are Nueces County/Corpus Christi-level placement.",10-record enrichment pilot: updated from reviewed ConstructionFront article and cited source information.,Codex enrichment pilot
2026-05-21,beacon-point-ai-data-center-campus,https://constructionfront.com/2026-05-14-jacobs-awarded-epcm-contract-for-hut-8-1gw-beacon-point-ai-data-center-campus-in-texas/,reviewStatus,Needs Source Check,Approved,10-record enrichment pilot: updated from reviewed ConstructionFront article and cited source information.,Codex enrichment pilot
2026-05-21,commonwealth-lng,https://constructionfront.com/2026-05-16-caturus-reaches-fid-closes-9-75bn-financing-and-issues-ntp-to-technip-energies-for-commonwealth-lng-in-louisiana/,latitude,29.8,29.78,10-record enrichment pilot: updated from reviewed ConstructionFront article and cited source information.,Codex enrichment pilot
2026-05-21,commonwealth-lng,https://constructionfront.com/2026-05-16-caturus-reaches-fid-closes-9-75bn-financing-and-issues-ntp-to-technip-energies-for-commonwealth-lng-in-louisiana/,longitude,-93.3,-93.30,10-record enrichment pilot: updated from reviewed ConstructionFront article and cited source information.,Codex enrichment pilot
2026-05-21,commonwealth-lng,https://constructionfront.com/2026-05-16-caturus-reaches-fid-closes-9-75bn-financing-and-issues-ntp-to-technip-energies-for-commonwealth-lng-in-louisiana/,projectStage,FID Reached,Under Construction,10-record enrichment pilot: updated from reviewed ConstructionFront article and cited source information.,Codex enrichment pilot
2026-05-21,commonwealth-lng,https://constructionfront.com/2026-05-16-caturus-reaches-fid-closes-9-75bn-financing-and-issues-ntp-to-technip-energies-for-commonwealth-lng-in-louisiana/,bdTiming,Active Opportunity,Contractor Route,10-record enrichment pilot: updated from reviewed ConstructionFront article and cited source information.,Codex enrichment pilot
2026-05-21,commonwealth-lng,https://constructionfront.com/2026-05-16-caturus-reaches-fid-closes-9-75bn-financing-and-issues-ntp-to-technip-energies-for-commonwealth-lng-in-louisiana/,projectValue,$9.75 bn,9.75 billion project financing; 21.25 billion total commitments,10-record enrichment pilot: updated from reviewed ConstructionFront article and cited source information.,Codex enrichment pilot
2026-05-21,commonwealth-lng,https://constructionfront.com/2026-05-16-caturus-reaches-fid-closes-9-75bn-financing-and-issues-ntp-to-technip-energies-for-commonwealth-lng-in-louisiana/,clientAuthority,,Caturus / Commonwealth LNG,10-record enrichment pilot: updated from reviewed ConstructionFront article and cited source information.,Codex enrichment pilot
2026-05-21,commonwealth-lng,https://constructionfront.com/2026-05-16-caturus-reaches-fid-closes-9-75bn-financing-and-issues-ntp-to-technip-energies-for-commonwealth-lng-in-louisiana/,keyContractors,,Technip Energies; Baker Hughes; Honeywell; Solar Turbines; EQT; Glencore; Mercuria; PETRONAS; Aramco Trading,10-record enrichment pilot: updated from reviewed ConstructionFront article and cited source information.,Codex enrichment pilot
2026-05-21,commonwealth-lng,https://constructionfront.com/2026-05-16-caturus-reaches-fid-closes-9-75bn-financing-and-issues-ntp-to-technip-energies-for-commonwealth-lng-in-louisiana/,contractType,Project finance / delivery procurement,EPC contract with full Notice to Proceed; project financing close,10-record enrichment pilot: updated from reviewed ConstructionFront article and cited source information.,Codex enrichment pilot
2026-05-21,commonwealth-lng,https://constructionfront.com/2026-05-16-caturus-reaches-fid-closes-9-75bn-financing-and-issues-ntp-to-technip-energies-for-commonwealth-lng-in-louisiana/,procurementStatus,Partly Awarded / Under Delivery,"FID reached, financing closed and full NTP issued to Technip Energies",10-record enrichment pilot: updated from reviewed ConstructionFront article and cited source information.,Codex enrichment pilot
2026-05-21,commonwealth-lng,https://constructionfront.com/2026-05-16-caturus-reaches-fid-closes-9-75bn-financing-and-issues-ntp-to-technip-energies-for-commonwealth-lng-in-louisiana/,fidStatus,Reached / Closed,FID reached / financial close achieved,10-record enrichment pilot: updated from reviewed ConstructionFront article and cited source information.,Codex enrichment pilot
2026-05-21,commonwealth-lng,https://constructionfront.com/2026-05-16-caturus-reaches-fid-closes-9-75bn-financing-and-issues-ntp-to-technip-energies-for-commonwealth-lng-in-louisiana/,completionTarget,,"Operations expected 2030; article key data also states commercial operation targeted for 2029, requiring source check",10-record enrichment pilot: updated from reviewed ConstructionFront article and cited source information.,Codex enrichment pilot
2026-05-21,commonwealth-lng,https://constructionfront.com/2026-05-16-caturus-reaches-fid-closes-9-75bn-financing-and-issues-ntp-to-technip-energies-for-commonwealth-lng-in-louisiana/,commercialOpportunity,"Potentially active BD window; monitor tendering, package formation, financing close and contractor appointment. Relevant categories may include grid connection, electrical balance of plant, civil works, owner’s engineering, controls, O&M and commercial advisory.","Full NTP has moved the EPC into execution; opportunities are mainly contractor-route packages, long-lead equipment, module delivery, site execution, commissioning and owner/contractor support.",10-record enrichment pilot: updated from reviewed ConstructionFront article and cited source information.,Codex enrichment pilot
2026-05-21,commonwealth-lng,https://constructionfront.com/2026-05-16-caturus-reaches-fid-closes-9-75bn-financing-and-issues-ntp-to-technip-energies-for-commonwealth-lng-in-louisiana/,confidenceLevel,Needs Review,Likely,10-record enrichment pilot: updated from reviewed ConstructionFront article and cited source information.,Codex enrichment pilot
2026-05-21,commonwealth-lng,https://constructionfront.com/2026-05-16-caturus-reaches-fid-closes-9-75bn-financing-and-issues-ntp-to-technip-energies-for-commonwealth-lng-in-louisiana/,sourceUrl,https://constructionfront.com/2026-05-16-caturus-reaches-fid-closes-9-75bn-financing-and-issues-ntp-to-technip-energies-for-commonwealth-lng-in-louisiana/,https://constructionfront.com/2026-05-16-caturus-reaches-fid-closes-9-75bn-financing-and-issues-ntp-to-technip-energies-for-commonwealth-lng-in-louisiana/; Sources cited by article: Caturus; Technip Energies,10-record enrichment pilot: updated from reviewed ConstructionFront article and cited source information.,Codex enrichment pilot
2026-05-21,commonwealth-lng,https://constructionfront.com/2026-05-16-caturus-reaches-fid-closes-9-75bn-financing-and-issues-ntp-to-technip-energies-for-commonwealth-lng-in-louisiana/,sourceNotes,Initial record inferred from ConstructionFront article title and URL only. Verify against full article and official source before paid use.,"Not approved yet: article strongly confirms FID, financing close, Caturus/Commonwealth LNG developer, Technip Energies EPC full NTP, 9.5Mtpa capacity and Cameron Parish location, but the article contains inconsistent operation timing references of 2030 and 2029. Coordinates are Cameron Parish-level placement.",10-record enrichment pilot: updated from reviewed ConstructionFront article and cited source information.,Codex enrichment pilot
2026-05-21,commonwealth-lng,https://constructionfront.com/2026-05-16-caturus-reaches-fid-closes-9-75bn-financing-and-issues-ntp-to-technip-energies-for-commonwealth-lng-in-louisiana/,includeInV0Map,true,false,10-record enrichment pilot: updated from reviewed ConstructionFront article and cited source information.,Codex enrichment pilot
2026-05-21,north-shore-wastewater-treatment-plant,https://constructionfront.com/2026-05-17-metro-vancouver-and-acciona-settle-north-shore-wastewater-treatment-plant-claims-for-235-million/,sector,Transport,Water,10-record enrichment pilot: updated from reviewed ConstructionFront article and cited source information.,Codex enrichment pilot
2026-05-21,north-shore-wastewater-treatment-plant,https://constructionfront.com/2026-05-17-metro-vancouver-and-acciona-settle-north-shore-wastewater-treatment-plant-claims-for-235-million/,subsector,Rail / Metro,Wastewater Treatment,10-record enrichment pilot: updated from reviewed ConstructionFront article and cited source information.,Codex enrichment pilot
2026-05-21,north-shore-wastewater-treatment-plant,https://constructionfront.com/2026-05-17-metro-vancouver-and-acciona-settle-north-shore-wastewater-treatment-plant-claims-for-235-million/,projectStage,On Hold / Delayed,Under Construction,10-record enrichment pilot: updated from reviewed ConstructionFront article and cited source information.,Codex enrichment pilot
2026-05-21,north-shore-wastewater-treatment-plant,https://constructionfront.com/2026-05-17-metro-vancouver-and-acciona-settle-north-shore-wastewater-treatment-plant-claims-for-235-million/,bdTiming,Low Visibility,Contractor Route,10-record enrichment pilot: updated from reviewed ConstructionFront article and cited source information.,Codex enrichment pilot
2026-05-21,north-shore-wastewater-treatment-plant,https://constructionfront.com/2026-05-17-metro-vancouver-and-acciona-settle-north-shore-wastewater-treatment-plant-claims-for-235-million/,projectValue,$235 Million,3.86 billion program estimate; 1.95 billion PCL completion contract; 235 million settlement,10-record enrichment pilot: updated from reviewed ConstructionFront article and cited source information.,Codex enrichment pilot
2026-05-21,north-shore-wastewater-treatment-plant,https://constructionfront.com/2026-05-17-metro-vancouver-and-acciona-settle-north-shore-wastewater-treatment-plant-claims-for-235-million/,currency,USD,CAD,10-record enrichment pilot: updated from reviewed ConstructionFront article and cited source information.,Codex enrichment pilot
2026-05-21,north-shore-wastewater-treatment-plant,https://constructionfront.com/2026-05-17-metro-vancouver-and-acciona-settle-north-shore-wastewater-treatment-plant-claims-for-235-million/,ownerDeveloper,Metro Vancouver,Greater Vancouver Sewerage and Drainage District / Metro Vancouver,10-record enrichment pilot: updated from reviewed ConstructionFront article and cited source information.,Codex enrichment pilot
2026-05-21,north-shore-wastewater-treatment-plant,https://constructionfront.com/2026-05-17-metro-vancouver-and-acciona-settle-north-shore-wastewater-treatment-plant-claims-for-235-million/,clientAuthority,,Metro Vancouver,10-record enrichment pilot: updated from reviewed ConstructionFront article and cited source information.,Codex enrichment pilot
2026-05-21,north-shore-wastewater-treatment-plant,https://constructionfront.com/2026-05-17-metro-vancouver-and-acciona-settle-north-shore-wastewater-treatment-plant-claims-for-235-million/,mainContractor,Acciona,PCL,10-record enrichment pilot: updated from reviewed ConstructionFront article and cited source information.,Codex enrichment pilot
2026-05-21,north-shore-wastewater-treatment-plant,https://constructionfront.com/2026-05-17-metro-vancouver-and-acciona-settle-north-shore-wastewater-treatment-plant-claims-for-235-million/,keyContractors,,PCL; AECOM; Acciona Wastewater Solutions LP / ADAPT Consortium (former contractor),10-record enrichment pilot: updated from reviewed ConstructionFront article and cited source information.,Codex enrichment pilot
2026-05-21,north-shore-wastewater-treatment-plant,https://constructionfront.com/2026-05-17-metro-vancouver-and-acciona-settle-north-shore-wastewater-treatment-plant-claims-for-235-million/,contractType,Unknown,Current construction management/completion contract; former design-build-finance contract; litigation settlement,10-record enrichment pilot: updated from reviewed ConstructionFront article and cited source information.,Codex enrichment pilot
2026-05-21,north-shore-wastewater-treatment-plant,https://constructionfront.com/2026-05-17-metro-vancouver-and-acciona-settle-north-shore-wastewater-treatment-plant-claims-for-235-million/,procurementStatus,Unknown,PCL completion contract executed; former Acciona dispute settled,10-record enrichment pilot: updated from reviewed ConstructionFront article and cited source information.,Codex enrichment pilot
2026-05-21,north-shore-wastewater-treatment-plant,https://constructionfront.com/2026-05-17-metro-vancouver-and-acciona-settle-north-shore-wastewater-treatment-plant-claims-for-235-million/,completionTarget,,2030 construction completion identified in Metro Vancouver materials,10-record enrichment pilot: updated from reviewed ConstructionFront article and cited source information.,Codex enrichment pilot
2026-05-21,north-shore-wastewater-treatment-plant,https://constructionfront.com/2026-05-17-metro-vancouver-and-acciona-settle-north-shore-wastewater-treatment-plant-claims-for-235-million/,commercialOpportunity,"Insufficient public information; review full article before BD action. Relevant categories may include civil works, structures, systems, rail/road packages, utilities, design, project controls and commercial support.","Current completion contractor is in place; opportunities are contractor-route delivery support, process equipment, commissioning, claims/governance support and future operations readiness.",10-record enrichment pilot: updated from reviewed ConstructionFront article and cited source information.,Codex enrichment pilot
2026-05-21,north-shore-wastewater-treatment-plant,https://constructionfront.com/2026-05-17-metro-vancouver-and-acciona-settle-north-shore-wastewater-treatment-plant-claims-for-235-million/,confidenceLevel,Needs Review,Confirmed,10-record enrichment pilot: updated from reviewed ConstructionFront article and cited source information.,Codex enrichment pilot
2026-05-21,north-shore-wastewater-treatment-plant,https://constructionfront.com/2026-05-17-metro-vancouver-and-acciona-settle-north-shore-wastewater-treatment-plant-claims-for-235-million/,sourceUrl,https://constructionfront.com/2026-05-17-metro-vancouver-and-acciona-settle-north-shore-wastewater-treatment-plant-claims-for-235-million/,"https://constructionfront.com/2026-05-17-metro-vancouver-and-acciona-settle-north-shore-wastewater-treatment-plant-claims-for-235-million/; Source cited by article: Metro Vancouver; supporting coverage cited by article: ReNew Canada, Water Canada, PCL",10-record enrichment pilot: updated from reviewed ConstructionFront article and cited source information.,Codex enrichment pilot
2026-05-21,north-shore-wastewater-treatment-plant,https://constructionfront.com/2026-05-17-metro-vancouver-and-acciona-settle-north-shore-wastewater-treatment-plant-claims-for-235-million/,sourceNotes,Initial record inferred from ConstructionFront article title and URL only. Verify against full article and official source before paid use.,"Approved for beta: article confirms Metro Vancouver/GVS&DD owner, water treatment scope, PCL current completion role, AECOM design completion involvement, CAD 3.86bn program estimate, CAD 1.95bn PCL contract, CAD 235m Acciona settlement and 2030 construction completion target. Sector corrected from Transport to Water. Coordinates are North Shore/Vancouver project-area placement.",10-record enrichment pilot: updated from reviewed ConstructionFront article and cited source information.,Codex enrichment pilot
2026-05-21,north-shore-wastewater-treatment-plant,https://constructionfront.com/2026-05-17-metro-vancouver-and-acciona-settle-north-shore-wastewater-treatment-plant-claims-for-235-million/,reviewStatus,Needs Source Check,Approved,10-record enrichment pilot: updated from reviewed ConstructionFront article and cited source information.,Codex enrichment pilot
2026-05-21,ol32-skavsta-rail-contract,https://constructionfront.com/2026-05-11-feronord-consortium-selected-for-1-2-billion-ol32-skavsta-rail-contract-in-sweden/,cityArea,Skavsta / OL32 corridor,Skavsta / East Link corridor south of Stockholm,10-record enrichment pilot: updated from reviewed ConstructionFront article and cited source information.,Codex enrichment pilot
2026-05-21,ol32-skavsta-rail-contract,https://constructionfront.com/2026-05-11-feronord-consortium-selected-for-1-2-billion-ol32-skavsta-rail-contract-in-sweden/,latitude,58.8,58.788,10-record enrichment pilot: updated from reviewed ConstructionFront article and cited source information.,Codex enrichment pilot
2026-05-21,ol32-skavsta-rail-contract,https://constructionfront.com/2026-05-11-feronord-consortium-selected-for-1-2-billion-ol32-skavsta-rail-contract-in-sweden/,longitude,16.9,16.912,10-record enrichment pilot: updated from reviewed ConstructionFront article and cited source information.,Codex enrichment pilot
2026-05-21,ol32-skavsta-rail-contract,https://constructionfront.com/2026-05-11-feronord-consortium-selected-for-1-2-billion-ol32-skavsta-rail-contract-in-sweden/,projectStage,Tendering / Procurement,FEED / Design Development,10-record enrichment pilot: updated from reviewed ConstructionFront article and cited source information.,Codex enrichment pilot
2026-05-21,ol32-skavsta-rail-contract,https://constructionfront.com/2026-05-11-feronord-consortium-selected-for-1-2-billion-ol32-skavsta-rail-contract-in-sweden/,projectValue,€1.2 Billion,50 million first phase; 1.2 billion potential execution phase,10-record enrichment pilot: updated from reviewed ConstructionFront article and cited source information.,Codex enrichment pilot
2026-05-21,ol32-skavsta-rail-contract,https://constructionfront.com/2026-05-11-feronord-consortium-selected-for-1-2-billion-ol32-skavsta-rail-contract-in-sweden/,ownerDeveloper,,Trafikverket,10-record enrichment pilot: updated from reviewed ConstructionFront article and cited source information.,Codex enrichment pilot
2026-05-21,ol32-skavsta-rail-contract,https://constructionfront.com/2026-05-11-feronord-consortium-selected-for-1-2-billion-ol32-skavsta-rail-contract-in-sweden/,clientAuthority,,Trafikverket,10-record enrichment pilot: updated from reviewed ConstructionFront article and cited source information.,Codex enrichment pilot
2026-05-21,ol32-skavsta-rail-contract,https://constructionfront.com/2026-05-11-feronord-consortium-selected-for-1-2-billion-ol32-skavsta-rail-contract-in-sweden/,mainContractor,Feronord Consortium,Feronord consortium,10-record enrichment pilot: updated from reviewed ConstructionFront article and cited source information.,Codex enrichment pilot
2026-05-21,ol32-skavsta-rail-contract,https://constructionfront.com/2026-05-11-feronord-consortium-selected-for-1-2-billion-ol32-skavsta-rail-contract-in-sweden/,keyContractors,,Infrakraft; Bouygues Travaux Publics; Colas Rail,10-record enrichment pilot: updated from reviewed ConstructionFront article and cited source information.,Codex enrichment pilot
2026-05-21,ol32-skavsta-rail-contract,https://constructionfront.com/2026-05-11-feronord-consortium-selected-for-1-2-billion-ol32-skavsta-rail-contract-in-sweden/,contractType,Unknown,Collaborative volume contract / staged ECI-style contract,10-record enrichment pilot: updated from reviewed ConstructionFront article and cited source information.,Codex enrichment pilot
2026-05-21,ol32-skavsta-rail-contract,https://constructionfront.com/2026-05-11-feronord-consortium-selected-for-1-2-billion-ol32-skavsta-rail-contract-in-sweden/,procurementStatus,Awarded,Feronord selected; first EUR 50m order placed; execution phase subject to project moving forward,10-record enrichment pilot: updated from reviewed ConstructionFront article and cited source information.,Codex enrichment pilot
2026-05-21,ol32-skavsta-rail-contract,https://constructionfront.com/2026-05-11-feronord-consortium-selected-for-1-2-billion-ol32-skavsta-rail-contract-in-sweden/,constructionStart,,Potential execution phase from early 2028,10-record enrichment pilot: updated from reviewed ConstructionFront article and cited source information.,Codex enrichment pilot
2026-05-21,ol32-skavsta-rail-contract,https://constructionfront.com/2026-05-11-feronord-consortium-selected-for-1-2-billion-ol32-skavsta-rail-contract-in-sweden/,completionTarget,,East Link programme construction 2024-2034; opening planned 2035,10-record enrichment pilot: updated from reviewed ConstructionFront article and cited source information.,Codex enrichment pilot
2026-05-21,ol32-skavsta-rail-contract,https://constructionfront.com/2026-05-11-feronord-consortium-selected-for-1-2-billion-ol32-skavsta-rail-contract-in-sweden/,commercialOpportunity,"Potentially active BD window; monitor tendering, package formation, financing close and contractor appointment. Relevant categories may include civil works, structures, systems, rail/road packages, utilities, design, project controls and commercial support.","Active development and planning phase before potential EUR 1.2bn execution; monitor design, earthworks, bridge, viaduct, environmental and supply chain packages.",10-record enrichment pilot: updated from reviewed ConstructionFront article and cited source information.,Codex enrichment pilot
2026-05-21,ol32-skavsta-rail-contract,https://constructionfront.com/2026-05-11-feronord-consortium-selected-for-1-2-billion-ol32-skavsta-rail-contract-in-sweden/,confidenceLevel,Needs Review,Confirmed,10-record enrichment pilot: updated from reviewed ConstructionFront article and cited source information.,Codex enrichment pilot
2026-05-21,ol32-skavsta-rail-contract,https://constructionfront.com/2026-05-11-feronord-consortium-selected-for-1-2-billion-ol32-skavsta-rail-contract-in-sweden/,sourceUrl,https://constructionfront.com/2026-05-11-feronord-consortium-selected-for-1-2-billion-ol32-skavsta-rail-contract-in-sweden/,https://constructionfront.com/2026-05-11-feronord-consortium-selected-for-1-2-billion-ol32-skavsta-rail-contract-in-sweden/; Sources cited by article: Trafikverket; Colas; Explore Skavsta,10-record enrichment pilot: updated from reviewed ConstructionFront article and cited source information.,Codex enrichment pilot
2026-05-21,ol32-skavsta-rail-contract,https://constructionfront.com/2026-05-11-feronord-consortium-selected-for-1-2-billion-ol32-skavsta-rail-contract-in-sweden/,sourceNotes,Initial record inferred from ConstructionFront article title and URL only. Verify against full article and official source before paid use.,"Approved for beta: article confirms Trafikverket client, Feronord consortium selection, consortium members/shares, 36km railway package, 28 bridges, 3 viaducts, EUR 50m first order and potential EUR 1.2bn execution phase. Coordinates are Skavsta corridor-level.",10-record enrichment pilot: updated from reviewed ConstructionFront article and cited source information.,Codex enrichment pilot
2026-05-21,ol32-skavsta-rail-contract,https://constructionfront.com/2026-05-11-feronord-consortium-selected-for-1-2-billion-ol32-skavsta-rail-contract-in-sweden/,reviewStatus,Needs Source Check,Approved,10-record enrichment pilot: updated from reviewed ConstructionFront article and cited source information.,Codex enrichment pilot
