projectName,slug,articleTitle,cfArticleUrl,region,country,stateProvince,cityArea,latitude,longitude,sector,subsector,projectStage,bdTiming,projectValue,currency,ownerDeveloper,clientAuthority,mainContractor,keyContractors,contractType,procurementStatus,fidStatus,constructionStart,completionTarget,commercialOpportunity,confidenceLevel,latestUpdateDate,lastReviewed,sourceUrl,sourceNotes,reviewStatus,mapReady,includeInV0Map
Gabriela Hybrid Solar-Battery Storage Project,gabriela-hybrid-solar-battery-storage-project,CVC DIF to Acquire Gabriela Hybrid Solar-Battery Storage Project in Northern Chile,https://constructionfront.com/2025-09-06-cvc-dif-to-acquire-gabriela-hybrid-solar-battery-storage-project-in-northern-chile/,Other,Chile,,,-30,-71,Energy,Solar + BESS,Early Development,Early Watch,,,CVC DIF,,,,Unknown,Unknown,Unknown,,,"Monitor approvals, financing/FID and procurement signals; suitable for early relationship-building with owner/developer. Relevant categories may include grid connection, electrical balance of plant, civil works, owner’s engineering, controls, O&M and commercial advisory.",Needs Review,2025-09-06,2026-05-21,https://constructionfront.com/2025-09-06-cvc-dif-to-acquire-gabriela-hybrid-solar-battery-storage-project-in-northern-chile/,Initial record inferred from ConstructionFront article title and URL only. Verify against full article and official source before paid use.,Needs Source Check,true,false
German Grid Expansion,german-grid-expansion,RWE and Apollo Global Management Form Strategic Joint Venture for German Grid Expansion,https://constructionfront.com/2025-09-08-rwe-and-apollo-global-management-form-strategic-joint-venture-for-german-grid-expansion/,Europe,Germany,,,51.1657,10.4515,Energy,Transmission / Grid,Early Development,Early Watch,,,RWE and Apollo Global Management,,,,Unknown,Unknown,Unknown,,,"Monitor approvals, financing/FID and procurement signals; suitable for early relationship-building with owner/developer. Relevant categories may include grid connection, electrical balance of plant, civil works, owner’s engineering, controls, O&M and commercial advisory.",Needs Review,2025-09-08,2026-05-21,https://constructionfront.com/2025-09-08-rwe-and-apollo-global-management-form-strategic-joint-venture-for-german-grid-expansion/,Initial record inferred from ConstructionFront article title and URL only. Verify against full article and official source before paid use.,Needs Source Check,true,true
Sakarya Gas Field Phase 3 Offshore Development,sakarya-gas-field-phase-3-offshore-development,Saipem Wins EPCI Contract for Sakarya Gas Field Phase 3 Offshore Development,https://constructionfront.com/2025-09-11-saipem-wins-epci-contract-for-sakarya-gas-field-phase-3-offshore-development/,Other,Turkey,Black Sea,Sakarya Gas Field,41.75,31.5,Energy,Gas / LNG,Contract Awarded,Contractor Route,,,,,Saipem,,EPCI,Awarded,Likely reached or not applicable,,,"Primary owner-side award appears made; suppliers/subcontractors should target appointed contractor, EPC/EPCM or alliance delivery team. Relevant categories may include grid connection, electrical balance of plant, civil works, owner’s engineering, controls, O&M and commercial advisory.",Needs Review,2025-09-11,2026-05-21,https://constructionfront.com/2025-09-11-saipem-wins-epci-contract-for-sakarya-gas-field-phase-3-offshore-development/,Initial record inferred from ConstructionFront article title and URL only. Verify against full article and official source before paid use.,Needs Source Check,true,false
"1,250 GWh of Renewable Electricity in Italy",1-250-gwh-of-renewable-electricity-in-italy,"Iberdrola and Selex Sign PPA for 1,250 GWh of Renewable Electricity in Italy",https://constructionfront.com/2025-09-14-iberdrola-and-selex-sign-ppa-for-1250-gwh-of-renewable-electricity-in-italy/,Europe,Italy,,,41.8719,12.5674,Energy,Solar,FID Pending,Active Opportunity,,,Iberdrola and Selex,,,,PPA / offtake,Power Purchase Agreement signed,Pending / not confirmed,,,"Potentially active BD window; monitor tendering, package formation, financing close and contractor appointment. Relevant categories may include grid connection, electrical balance of plant, civil works, owner’s engineering, controls, O&M and commercial advisory.",Needs Review,2025-09-14,2026-05-21,https://constructionfront.com/2025-09-14-iberdrola-and-selex-sign-ppa-for-1250-gwh-of-renewable-electricity-in-italy/,Initial record inferred from ConstructionFront article title and URL only. Verify against full article and official source before paid use.,Needs Source Check,false,false
Wagerup BESS,wagerup-bess,Genus to Deliver 100MW/200MWh Wagerup BESS for Alinta Energy in Western Australia,https://constructionfront.com/2025-09-20-genusplus-to-deliver-100mw-200mwh-wagerup-bess-for-alinta-energy-in-western-australia/,Australia & NZ,Australia,,Australia,-25.2744,133.7751,Energy,BESS,Unknown,Low Visibility,,,Alinta Energy,,GenusPlus,,Unknown,Unknown,Unknown,,,"Insufficient public information; review full article before BD action. Relevant categories may include grid connection, electrical balance of plant, civil works, owner’s engineering, controls, O&M and commercial advisory.",Needs Review,2025-09-20,2026-05-21,https://constructionfront.com/2025-09-20-genusplus-to-deliver-100mw-200mwh-wagerup-bess-for-alinta-energy-in-western-australia/,Initial record inferred from ConstructionFront article title and URL only. Verify against full article and official source before paid use.,Needs Source Check,false,false
Hyundai E&C to Deliver ‘K-Housing’ in New Zealand via Early Contractor Involveme,hyundai-e-c-to-deliver-k-housing-in-new-zealand-via-early-contractor-involveme,Hyundai E&C to Deliver ‘K-Housing’ in New Zealand via Early Contractor Involvement (ECI) Contract,https://constructionfront.com/2025-09-24-hyundai-ec-to-deliver-k-housing-in-new-zealand-via-early-contractor-involvement-eci-contract/,Australia & NZ,New Zealand,,,-41,174,Social Infrastructure,Housing,Unknown,Low Visibility,,,,,Hyundai E&C,,ECI,Unknown,Unknown,,,Insufficient public information; review full article before BD action. Relevant supplier categories should be reviewed against the article and source package.,Needs Review,2025-09-24,2026-05-21,https://constructionfront.com/2025-09-24-hyundai-ec-to-deliver-k-housing-in-new-zealand-via-early-contractor-involvement-eci-contract/,Initial record inferred from ConstructionFront article title and URL only. Verify against full article and official source before paid use.,Needs Source Check,true,true
OMV’s 140 MW Green Hydrogen Plant,omvs-140-mw-green-hydrogen-plant,STRABAG and Siemens Energy Begin Construction of OMV’s 140 MW Green Hydrogen Plant in Austria,https://constructionfront.com/2025-10-01-strabag-and-siemens-energy-begin-construction-of-omvs-140-mw-green-hydrogen-plant-in-austria/,Europe,Austria,,Schwechat / Vienna area,48.145,16.477,Energy,Hydrogen,Under Construction,Late Stage,,,OMV,,STRABAG and Siemens Energy,,Unknown,Partly Awarded / Under Delivery,Likely reached or not applicable,,,"Major packages likely committed; opportunity may sit in subcontracting, change management, commissioning, claims support or O&M preparation. Relevant categories may include grid connection, electrical balance of plant, civil works, owner’s engineering, controls, O&M and commercial advisory.",Needs Review,2025-10-01,2026-05-21,https://constructionfront.com/2025-10-01-strabag-and-siemens-energy-begin-construction-of-omvs-140-mw-green-hydrogen-plant-in-austria/,Initial record inferred from ConstructionFront article title and URL only. Verify against full article and official source before paid use.,Needs Source Check,true,true
Richmond Valley Solar & BESS Project,richmond-valley-solar-bess-project,Ark Energy Appoints Elecnor as ECI Contractor for Richmond Valley Solar & BESS Project,https://constructionfront.com/2025-10-01-ark-energy-appoints-elecnor-as-eci-contractor-for-richmond-valley-solar-bess-project/,Australia & NZ,Australia,New South Wales,Richmond Valley,-29,153,Energy,Solar + BESS,Unknown,Low Visibility,,,Ark Energy,,Elecnor,,ECI,Unknown,Unknown,,,"Insufficient public information; review full article before BD action. Relevant categories may include grid connection, electrical balance of plant, civil works, owner’s engineering, controls, O&M and commercial advisory.",Needs Review,2025-10-01,2026-05-21,https://constructionfront.com/2025-10-01-ark-energy-appoints-elecnor-as-eci-contractor-for-richmond-valley-solar-bess-project/,Initial record inferred from ConstructionFront article title and URL only. Verify against full article and official source before paid use.,Needs Source Check,true,true
Montreal Port Expansion In-Water Works,montreal-port-expansion-in-water-works,Aecon-Pomerleau JV Reaches Financial Close on $609M Montreal Port Expansion In-Water Works,https://constructionfront.com/2025-10-12-aecon-pomerleau-jv-reaches-financial-close-on-609m-montreal-port-expansion-in-water-works/,North America,Canada,Quebec,Montreal,45.5017,-73.5673,Transport,Port,FID Reached,Active Opportunity,$609 M,USD,Aecon-Pomerleau JV,,Aecon-Pomerleau JV,,Project finance / delivery procurement,Partly Awarded / Under Delivery,Reached / Closed,,,"Potentially active BD window; monitor tendering, package formation, financing close and contractor appointment. Relevant categories may include civil works, structures, systems, rail/road packages, utilities, design, project controls and commercial support.",Needs Review,2025-10-12,2026-05-21,https://constructionfront.com/2025-10-12-aecon-pomerleau-jv-reaches-financial-close-on-609m-montreal-port-expansion-in-water-works/,Initial record inferred from ConstructionFront article title and URL only. Verify against full article and official source before paid use.,Needs Source Check,true,true
Shah Deniz Compression Project,shah-deniz-compression-project,Saipem Secures $600 M Offshore Contract Package for Shah Deniz Compression Project in Azerbaijan,https://constructionfront.com/2025-10-20-saipem-secures-600-m-offshore-contract-package-for-shah-deniz-compression-project-in-azerbaijan/,Other,Azerbaijan,Caspian Sea,Shah Deniz Field,40,50.5,Other,Other,Contract Awarded,Contractor Route,$600 M,USD,,,Saipem,,Unknown,Awarded,Likely reached or not applicable,,,"Primary owner-side award appears made; suppliers/subcontractors should target appointed contractor, EPC/EPCM or alliance delivery team. Relevant supplier categories should be reviewed against the article and source package.",Needs Review,2025-10-20,2026-05-21,https://constructionfront.com/2025-10-20-saipem-secures-600-m-offshore-contract-package-for-shah-deniz-compression-project-in-azerbaijan/,Initial record inferred from ConstructionFront article title and URL only. Verify against full article and official source before paid use.,Needs Source Check,true,false
Yonge North Subway Extension,yonge-north-subway-extension,"Infrastructure Ontario issues RFQ for Stations, Rail & Systems Contract on Yonge North Subway Extension",https://constructionfront.com/2025-10-21-infrastructure-ontario-issues-rfq-for-stations-rail-systems-contract-on-yonge-north-subway-extension/,North America,Canada,Ontario,Toronto / York Region,43.84,-79.43,Transport,Rail / Metro,Tendering / Procurement,Active Opportunity,,,,Infrastructure Ontario,,,Unknown,Tendering / Procurement,Unknown,,,"Potentially active BD window; monitor tendering, package formation, financing close and contractor appointment. Relevant categories may include civil works, structures, systems, rail/road packages, utilities, design, project controls and commercial support.",Needs Review,2025-10-21,2026-05-21,https://constructionfront.com/2025-10-21-infrastructure-ontario-issues-rfq-for-stations-rail-systems-contract-on-yonge-north-subway-extension/,Initial record inferred from ConstructionFront article title and URL only. Verify against full article and official source before paid use.,Needs Source Check,true,true
UK Biogas Plant,uk-biogas-plant,Copenhagen Infrastructure Partners Acquires First UK Biogas Plant as Entry to British Bio-Energy Market,https://constructionfront.com/2025-11-04-copenhagen-infrastructure-partners-acquires-first-uk-biogas-plant-as-entry-to-british-bio-energy-market/,Europe,United Kingdom,,,54,-2.5,Energy,Biogas,Early Development,Early Watch,,,Copenhagen Infrastructure Partners,,,,Unknown,Unknown,Unknown,,,"Monitor approvals, financing/FID and procurement signals; suitable for early relationship-building with owner/developer. Relevant categories may include grid connection, electrical balance of plant, civil works, owner’s engineering, controls, O&M and commercial advisory.",Needs Review,2025-11-04,2026-05-21,https://constructionfront.com/2025-11-04-copenhagen-infrastructure-partners-acquires-first-uk-biogas-plant-as-entry-to-british-bio-energy-market/,Initial record inferred from ConstructionFront article title and URL only. Verify against full article and official source before paid use.,Needs Source Check,true,true
VNI West Transmission Project,vni-west-transmission-project,Iberdrola Named Development Partner for Major VNI West Transmission Project in Australia,https://constructionfront.com/2025-11-16-iberdrola-named-development-partner-for-major-vni-west-transmission-project-in-australia/,Australia & NZ,Australia,,Australia,-25.2744,133.7751,Energy,Transmission / Grid,Early Development,Early Watch,,,Iberdrola,,Iberdrola,,Unknown,Unknown,Unknown,,,"Monitor approvals, financing/FID and procurement signals; suitable for early relationship-building with owner/developer. Relevant categories may include grid connection, electrical balance of plant, civil works, owner’s engineering, controls, O&M and commercial advisory.",Needs Review,2025-11-16,2026-05-21,https://constructionfront.com/2025-11-16-iberdrola-named-development-partner-for-major-vni-west-transmission-project-in-australia/,Initial record inferred from ConstructionFront article title and URL only. Verify against full article and official source before paid use.,Needs Source Check,false,false
Vincent Thomas Bridge Deck Replacement,vincent-thomas-bridge-deck-replacement,Skanska JV Secures USD 534M Vincent Thomas Bridge Deck Replacement Contract,https://constructionfront.com/2026-04-08-skanska-jv-wins-534m-caltrans-contract-for-vincent-thomas-bridge-deck-replacement-in-los-angeles/,North America,United States,California,Los Angeles,33.75,-118.27,Transport,Road / Bridge,Contract Awarded,Contractor Route,USD534 M,USD,,,Skanska JV,,Unknown,Awarded,Likely reached or not applicable,,,"Primary owner-side award appears made; suppliers/subcontractors should target appointed contractor, EPC/EPCM or alliance delivery team. Relevant categories may include civil works, structures, systems, rail/road packages, utilities, design, project controls and commercial support.",Needs Review,2026-04-08,2026-05-21,https://constructionfront.com/2026-04-08-skanska-jv-wins-534m-caltrans-contract-for-vincent-thomas-bridge-deck-replacement-in-los-angeles/,Initial record inferred from ConstructionFront article title and URL only. Verify against full article and official source before paid use.,Needs Source Check,true,true
new Brisbane Stadium,new-brisbane-stadium,GIICA Shortlists Two Bidders for the new Brisbane Stadium Under ECI Contract Model,https://constructionfront.com/2026-04-10-giica-shortlists-two-bidders-for-brisbane-stadium-under-eci-contract-model/,Australia & NZ,Australia,Queensland,Brisbane,-27.4698,153.0251,Social Infrastructure,Stadium,Tendering / Procurement,Active Opportunity,,,,GIICA,,,ECI,Tendering / Procurement,Unknown,,,"Potentially active BD window; monitor tendering, package formation, financing close and contractor appointment. Relevant supplier categories should be reviewed against the article and source package.",Needs Review,2026-04-10,2026-05-21,https://constructionfront.com/2026-04-10-giica-shortlists-two-bidders-for-brisbane-stadium-under-eci-contract-model/,Initial record inferred from ConstructionFront article title and URL only. Verify against full article and official source before paid use.,Needs Source Check,true,true
Moving I-4 Forward Project 2,moving-i-4-forward-project-2,Lane Wins $582 Million Contract for Florida’s Moving I-4 Forward Project 2,https://constructionfront.com/2026-04-10-lane-wins-582-million-contract-for-floridas-moving-i-4-forward-project-2/,North America,United States,Florida,I-4 corridor,28.04,-81.95,Transport,Road / Bridge,Contract Awarded,Contractor Route,$582 Million,USD,,,Lane,,Unknown,Awarded,Likely reached or not applicable,,,"Primary owner-side award appears made; suppliers/subcontractors should target appointed contractor, EPC/EPCM or alliance delivery team. Relevant categories may include civil works, structures, systems, rail/road packages, utilities, design, project controls and commercial support.",Needs Review,2026-04-10,2026-05-21,https://constructionfront.com/2026-04-10-lane-wins-582-million-contract-for-floridas-moving-i-4-forward-project-2/,Initial record inferred from ConstructionFront article title and URL only. Verify against full article and official source before paid use.,Needs Source Check,true,true
Nuclear Project in Texas,nuclear-project-in-texas,Fluor secures FEL contract for Nuclear Project in Texas with X‑Energy,https://constructionfront.com/2026-04-12-fluor-secures-fel-contract-for-nuclear-project-in-texas-with-xenergy/,North America,United States,Texas,,31,-99,Energy,Nuclear,Contract Awarded,Contractor Route,,,X-Energy,,Fluor,,Unknown,Awarded,Likely reached or not applicable,,,"Primary owner-side award appears made; suppliers/subcontractors should target appointed contractor, EPC/EPCM or alliance delivery team. Relevant categories may include grid connection, electrical balance of plant, civil works, owner’s engineering, controls, O&M and commercial advisory.",Needs Review,2026-04-12,2026-05-21,https://constructionfront.com/2026-04-12-fluor-secures-fel-contract-for-nuclear-project-in-texas-with-xenergy/,Initial record inferred from ConstructionFront article title and URL only. Verify against full article and official source before paid use.,Needs Source Check,true,true
Texas critical data center campus,texas-critical-data-center-campus,New Era secures $290 million Macquarie facility for Texas critical data center campus,https://constructionfront.com/2026-04-14-new-era-secures-290-million-macquarie-facility-for-texas-critical-data-center-campus/,North America,United States,Texas,,31,-99,Digital Infrastructure,Data Centre,Contract Awarded,Contractor Route,$290 million,USD,New Era,,,Macquarie,Unknown,Awarded,Likely reached or not applicable,,,"Primary owner-side award appears made; suppliers/subcontractors should target appointed contractor, EPC/EPCM or alliance delivery team. Relevant categories may include power, cooling, civil works, grid interconnection, design, project controls and commissioning.",Needs Review,2026-04-14,2026-05-21,https://constructionfront.com/2026-04-14-new-era-secures-290-million-macquarie-facility-for-texas-critical-data-center-campus/,Initial record inferred from ConstructionFront article title and URL only. Verify against full article and official source before paid use.,Needs Source Check,true,true
Prague Metro Line D,prague-metro-line-d,HOCHTIEF consortium secures next construction phase of Prague Metro Line D,https://constructionfront.com/2026-04-16-hochtief-consortium-secures-next-construction-phase-of-prague-metro-line-d/,Europe,Czech Republic,Prague,Prague,50.0755,14.4378,Transport,Rail / Metro,Contract Awarded,Contractor Route,,,,,HOCHTIEF consortium,,Unknown,Awarded,Likely reached or not applicable,,,"Primary owner-side award appears made; suppliers/subcontractors should target appointed contractor, EPC/EPCM or alliance delivery team. Relevant categories may include civil works, structures, systems, rail/road packages, utilities, design, project controls and commercial support.",Needs Review,2026-04-16,2026-05-21,https://constructionfront.com/2026-04-16-hochtief-consortium-secures-next-construction-phase-of-prague-metro-line-d/,Initial record inferred from ConstructionFront article title and URL only. Verify against full article and official source before paid use.,Needs Source Check,true,true
Vernou-la-Celle-sur-Seine BESS,vernou-la-celle-sur-seine-bess,Neoen launches France’s largest battery project in Vernou-la-Celle-sur-Seine as grid-scale storage grows in Europe,https://constructionfront.com/2026-04-19-neoen-launches-frances-largest-battery-project-in-vernou-la-celle-sur-seine-as-grid-scale-storage-grows-in-europe/,Europe,France,Île-de-France,Vernou-la-Celle-sur-Seine,48.389,2.848,Energy,BESS,Unknown,Low Visibility,,,Neoen,,,,Unknown,Unknown,Unknown,,,"Insufficient public information; review full article before BD action. Relevant categories may include grid connection, electrical balance of plant, civil works, owner’s engineering, controls, O&M and commercial advisory.",Needs Review,2026-04-19,2026-05-21,https://constructionfront.com/2026-04-19-neoen-launches-frances-largest-battery-project-in-vernou-la-celle-sur-seine-as-grid-scale-storage-grows-in-europe/,Initial record inferred from ConstructionFront article title and URL only. Verify against full article and official source before paid use.,Needs Source Check,true,true
Commonwealth LNG,commonwealth-lng,Technip Energies receives substantial authorization to advance Commonwealth LNG ahead of FID,https://constructionfront.com/2026-04-20-technip-energies-receives-substantial-authorization-to-advance-commonwealth-lng-ahead-of-fid/,North America,United States,Louisiana,Cameron Parish,29.8,-93.3,Energy,Gas / LNG,FID Pending,Active Opportunity,,,Caturus / Commonwealth LNG,,Technip Energies,,Project finance / delivery procurement,Unknown,Pending / not confirmed,,,"Potentially active BD window; monitor tendering, package formation, financing close and contractor appointment. Relevant categories may include grid connection, electrical balance of plant, civil works, owner’s engineering, controls, O&M and commercial advisory.",Needs Review,2026-04-20,2026-05-21,https://constructionfront.com/2026-04-20-technip-energies-receives-substantial-authorization-to-advance-commonwealth-lng-ahead-of-fid/,Initial record inferred from ConstructionFront article title and URL only. Verify against full article and official source before paid use.,Needs Source Check,true,true
Patache BESS project,patache-bess-project,"CIP commences construction on 1,500 MWh Patache BESS project in Chile",https://constructionfront.com/cip-commences-construction-on-1500-mwh-patache-bess-project-in-chile/,Other,Chile,,,-30,-71,Energy,BESS,Under Construction,Late Stage,,,Copenhagen Infrastructure Partners,,,,Unknown,Partly Awarded / Under Delivery,Likely reached or not applicable,,,"Major packages likely committed; opportunity may sit in subcontracting, change management, commissioning, claims support or O&M preparation. Relevant categories may include grid connection, electrical balance of plant, civil works, owner’s engineering, controls, O&M and commercial advisory.",Needs Review,,2026-05-21,https://constructionfront.com/cip-commences-construction-on-1500-mwh-patache-bess-project-in-chile/,Initial record inferred from ConstructionFront article title and URL only. Verify against full article and official source before paid use.,Needs Source Check,true,false
NESE Project,nese-project,Williams kicks off construction on NESE Project in the U.S. Northeast,https://constructionfront.com/2026-04-21-williams-breaks-ground-on-nese-project-to-expand-transco-capacity-in-the-u-s-northeast/,North America,United States,,United States,39.8283,-98.5795,Other,Other,Under Construction,Late Stage,,,Williams,,,,Unknown,Partly Awarded / Under Delivery,Likely reached or not applicable,,,"Major packages likely committed; opportunity may sit in subcontracting, change management, commissioning, claims support or O&M preparation. Relevant supplier categories should be reviewed against the article and source package.",Needs Review,2026-04-21,2026-05-21,https://constructionfront.com/2026-04-21-williams-breaks-ground-on-nese-project-to-expand-transco-capacity-in-the-u-s-northeast/,Initial record inferred from ConstructionFront article title and URL only. Verify against full article and official source before paid use.,Needs Source Check,false,false
Alligator Creek and Murch solar projects,alligator-creek-and-murch-solar-projects,Heelstone reaches financial close and starts construction on Alligator Creek and Murch solar projects in the U.S.,https://constructionfront.com/2026-04-22-heelstone-reaches-financial-close-and-starts-construction-on-alligator-creek-and-murch-solar-projects-in-the-u-s/,North America,United States,,United States,39.8283,-98.5795,Energy,Solar,Under Construction,Late Stage,,,Heelstone Renewable Energy,,,,Project finance / delivery procurement,Partly Awarded / Under Delivery,Reached / Closed,,,"Major packages likely committed; opportunity may sit in subcontracting, change management, commissioning, claims support or O&M preparation. Relevant categories may include grid connection, electrical balance of plant, civil works, owner’s engineering, controls, O&M and commercial advisory.",Needs Review,2026-04-22,2026-05-21,https://constructionfront.com/2026-04-22-heelstone-reaches-financial-close-and-starts-construction-on-alligator-creek-and-murch-solar-projects-in-the-u-s/,Initial record inferred from ConstructionFront article title and URL only. Verify against full article and official source before paid use.,Needs Source Check,false,false
Red Oak data centres,red-oak-data-centres,DataBank secures $2 billion financing for Red Oak data centres in Dallas,https://constructionfront.com/2026-04-23-databank-secures-2-billion-financing-for-red-oak-data-centres-in-dallas/,North America,United States,Texas,Dallas / Red Oak,32.57,-96.86,Digital Infrastructure,Data Centre,Contract Awarded,Contractor Route,$2 billion,USD,DataBank,,,,Unknown,Awarded,Likely reached or not applicable,,,"Primary owner-side award appears made; suppliers/subcontractors should target appointed contractor, EPC/EPCM or alliance delivery team. Relevant categories may include power, cooling, civil works, grid interconnection, design, project controls and commissioning.",Needs Review,2026-04-23,2026-05-21,https://constructionfront.com/2026-04-23-databank-secures-2-billion-financing-for-red-oak-data-centres-in-dallas/,Initial record inferred from ConstructionFront article title and URL only. Verify against full article and official source before paid use.,Needs Source Check,true,true
Koolunga BESS,koolunga-bess,GenusPlus awarded EPC contract for Koolunga BESS in South Australia,https://constructionfront.com/2026-04-24-genusplus-awarded-epc-contract-for-koolunga-bess-in-south-australia/,Australia & NZ,Australia,,Australia,-25.2744,133.7751,Energy,BESS,Contract Awarded,Contractor Route,,,,,GenusPlus,,EPC,Awarded,Likely reached or not applicable,,,"Primary owner-side award appears made; suppliers/subcontractors should target appointed contractor, EPC/EPCM or alliance delivery team. Relevant categories may include grid connection, electrical balance of plant, civil works, owner’s engineering, controls, O&M and commercial advisory.",Needs Review,2026-04-24,2026-05-21,https://constructionfront.com/2026-04-24-genusplus-awarded-epc-contract-for-koolunga-bess-in-south-australia/,Initial record inferred from ConstructionFront article title and URL only. Verify against full article and official source before paid use.,Needs Source Check,false,false
Kwinana Gas Power Generation 2 Project,kwinana-gas-power-generation-2-project,Clough Awarded €116 Million D&C Contract for AGL’s Kwinana Gas Power Generation 2 Project in Western Australia,https://constructionfront.com/clough-awarded-e116-million-design-and-construct-contract-for-agls-kwinana-gas-power-generation-2-project-in-western-australia/,Australia & NZ,Australia,,Australia,-25.2744,133.7751,Energy,Gas Power,Contract Awarded,Contractor Route,€116 Million,EUR,AGL,,Clough,,D&C,Awarded,Likely reached or not applicable,,,"Primary owner-side award appears made; suppliers/subcontractors should target appointed contractor, EPC/EPCM or alliance delivery team. Relevant categories may include grid connection, electrical balance of plant, civil works, owner’s engineering, controls, O&M and commercial advisory.",Needs Review,,2026-05-21,https://constructionfront.com/clough-awarded-e116-million-design-and-construct-contract-for-agls-kwinana-gas-power-generation-2-project-in-western-australia/,Initial record inferred from ConstructionFront article title and URL only. Verify against full article and official source before paid use.,Needs Source Check,false,false
Mirny Wind and BESS Project,mirny-wind-and-bess-project,TotalEnergies Takes FID for 1 GW Mirny Wind and BESS Project in Kazakhstan,https://constructionfront.com/2026-04-27-totalenergies-takes-fid-for-1-gw-mirny-wind-and-bess-project-in-kazakhstan/,Other,Kazakhstan,,Mirny area,47,68,Energy,BESS,FID Reached,Active Opportunity,,,TotalEnergies,,,,Project finance / delivery procurement,Partly Awarded / Under Delivery,Reached / Closed,,,"Potentially active BD window; monitor tendering, package formation, financing close and contractor appointment. Relevant categories may include grid connection, electrical balance of plant, civil works, owner’s engineering, controls, O&M and commercial advisory.",Needs Review,2026-04-27,2026-05-21,https://constructionfront.com/2026-04-27-totalenergies-takes-fid-for-1-gw-mirny-wind-and-bess-project-in-kazakhstan/,Initial record inferred from ConstructionFront article title and URL only. Verify against full article and official source before paid use.,Needs Source Check,true,false
Warsaw-Lodz Line,warsaw-lodz-line,Six Consortia shortlisted for Poland’s First High-Speed Rail (Warsaw-Lodz Line),https://constructionfront.com/2026-04-28-six-consortia-shortlisted-for-polands-first-high-speed-rail-warsaw-lodz-line/,Europe,Poland,Mazowieckie / Łódzkie,Warsaw-Lodz corridor,52,20,Transport,Rail / Metro,Tendering / Procurement,Active Opportunity,,,,,,,Unknown,Tendering / Procurement,Unknown,,,"Potentially active BD window; monitor tendering, package formation, financing close and contractor appointment. Relevant categories may include civil works, structures, systems, rail/road packages, utilities, design, project controls and commercial support.",Needs Review,2026-04-28,2026-05-21,https://constructionfront.com/2026-04-28-six-consortia-shortlisted-for-polands-first-high-speed-rail-warsaw-lodz-line/,Initial record inferred from ConstructionFront article title and URL only. Verify against full article and official source before paid use.,Needs Source Check,true,true
Natrium Kemmerer Unit 1 Nuclear Power Plant,natrium-kemmerer-unit-1-nuclear-power-plant,Bechtel and TerraPower Begin Construction on Natrium Kemmerer Unit 1 Nuclear Power Plant in Wyoming,https://constructionfront.com/2026-04-29-bechtel-and-terrapower-begin-construction-on-natrium-kemmerer-unit-1-in-wyoming/,North America,United States,Wyoming,Kemmerer,41.792,-110.537,Energy,Nuclear,Under Construction,Late Stage,,,TerraPower,,Bechtel,,Unknown,Partly Awarded / Under Delivery,Likely reached or not applicable,,,"Major packages likely committed; opportunity may sit in subcontracting, change management, commissioning, claims support or O&M preparation. Relevant categories may include grid connection, electrical balance of plant, civil works, owner’s engineering, controls, O&M and commercial advisory.",Needs Review,2026-04-29,2026-05-21,https://constructionfront.com/2026-04-29-bechtel-and-terrapower-begin-construction-on-natrium-kemmerer-unit-1-in-wyoming/,Initial record inferred from ConstructionFront article title and URL only. Verify against full article and official source before paid use.,Needs Source Check,true,true
PPP sanitation concession for 153 municipalities,ppp-sanitation-concession-for-153-municipalities,"ACCIONA and BRK sign PPP sanitation concession for 153 municipalities in Pernambuco, Brazil",https://constructionfront.com/2026-01-05-acciona-and-brk-sign-ppp-sanitation-concession-for-153-municipalities-in-pernambuco-brazil/,Other,Brazil,Pernambuco,,-8.05,-34.9,Water,Water / Wastewater,Unknown,Low Visibility,,,ACCIONA and BRK,,,,PPP / Concession,Unknown,Unknown,,,"Insufficient public information; review full article before BD action. Relevant categories may include process, civil, mechanical/electrical works, commissioning, O&M and PPP/concession advisory.",Needs Review,2026-01-05,2026-05-21,https://constructionfront.com/2026-01-05-acciona-and-brk-sign-ppp-sanitation-concession-for-153-municipalities-in-pernambuco-brazil/,Initial record inferred from ConstructionFront article title and URL only. Verify against full article and official source before paid use.,Needs Source Check,false,false
Banha and Nubaria Gas power plants,banha-and-nubaria-gas-power-plants,GE Vernova secures order to modernize Banha and Nubaria Gas power plants in Egypt,https://constructionfront.com/2026-05-03-ge-vernova-secures-order-to-modernize-banha-and-nubaria-gas-power-plants-in-egypt/,Other,Egypt,,Banha / Nubaria,30.7,30.9,Energy,Gas Power,Contract Awarded,Contractor Route,,,,,GE Vernova,,Unknown,Awarded,Likely reached or not applicable,,,"Primary owner-side award appears made; suppliers/subcontractors should target appointed contractor, EPC/EPCM or alliance delivery team. Relevant categories may include grid connection, electrical balance of plant, civil works, owner’s engineering, controls, O&M and commercial advisory.",Needs Review,2026-05-03,2026-05-21,https://constructionfront.com/2026-05-03-ge-vernova-secures-order-to-modernize-banha-and-nubaria-gas-power-plants-in-egypt/,Initial record inferred from ConstructionFront article title and URL only. Verify against full article and official source before paid use.,Needs Source Check,true,false
Hamilton LRT,hamilton-lrt,Aecon-led alliance selected for Hamilton LRT civil and utilities works in Ontario,https://constructionfront.com/2026-05-04-aecon-led-alliance-selected-for-hamilton-lrt-civil-and-utilities-works-in-ontario/,North America,Canada,Ontario,,50,-85,Transport,Rail / Metro,Tendering / Procurement,Active Opportunity,,,,,Aecon-led alliance,,Alliance,Awarded,Unknown,,,"Potentially active BD window; monitor tendering, package formation, financing close and contractor appointment. Relevant categories may include civil works, structures, systems, rail/road packages, utilities, design, project controls and commercial support.",Needs Review,2026-05-04,2026-05-21,https://constructionfront.com/2026-05-04-aecon-led-alliance-selected-for-hamilton-lrt-civil-and-utilities-works-in-ontario/,Initial record inferred from ConstructionFront article title and URL only. Verify against full article and official source before paid use.,Needs Source Check,true,true
Hudson Tunnel river section,hudson-tunnel-river-section,Traylor-Walsh-Skanska JV wins $1.29 billion Hudson Tunnel river section contract in New York and New Jersey,https://constructionfront.com/traylor-walsh-skanska-jv-wins-1-29-billion-hudson-tunnel-river-section-contract-in-new-york-and-new-jersey/,North America,United States,New York / New Jersey,Hudson River,40.75,-74,Other,Other,Contract Awarded,Contractor Route,$1.29 billion,USD,,,Traylor-Walsh-Skanska JV,,Unknown,Awarded,Likely reached or not applicable,,,"Primary owner-side award appears made; suppliers/subcontractors should target appointed contractor, EPC/EPCM or alliance delivery team. Relevant supplier categories should be reviewed against the article and source package.",Needs Review,,2026-05-21,https://constructionfront.com/traylor-walsh-skanska-jv-wins-1-29-billion-hudson-tunnel-river-section-contract-in-new-york-and-new-jersey/,Initial record inferred from ConstructionFront article title and URL only. Verify against full article and official source before paid use.,Needs Source Check,true,true
D35 motorway,d35-motorway,STRABAG consortium wins €177 million D35 motorway contract in the Czech Republic,https://constructionfront.com/2026-05-07-strabag-consortium-wins-177-million-d35-motorway-contract-in-the-czech-republic/,Europe,Czech Republic,,D35 motorway corridor,50,15.8,Transport,Road / Bridge,Contract Awarded,Contractor Route,€177 million,EUR,,,STRABAG consortium,,Unknown,Awarded,Likely reached or not applicable,,,"Primary owner-side award appears made; suppliers/subcontractors should target appointed contractor, EPC/EPCM or alliance delivery team. Relevant categories may include civil works, structures, systems, rail/road packages, utilities, design, project controls and commercial support.",Needs Review,2026-05-07,2026-05-21,https://constructionfront.com/2026-05-07-strabag-consortium-wins-177-million-d35-motorway-contract-in-the-czech-republic/,Initial record inferred from ConstructionFront article title and URL only. Verify against full article and official source before paid use.,Needs Source Check,true,true
North Station Draw One project,north-station-draw-one-project,Skanska wins $1.06 billion design-build contract for MBTA’s North Station Draw One project in Massachusetts,https://constructionfront.com/2026-05-07-skanska-wins-1-06-billion-design-build-contract-for-mbtas-north-station-draw-one-project-in-massachusetts/,North America,United States,Massachusetts,Boston,42.366,-71.062,Other,Other,Contract Awarded,Contractor Route,$1.06 billion,USD,,MBTA,Skanska,,Design-Build,Awarded,Likely reached or not applicable,,,"Primary owner-side award appears made; suppliers/subcontractors should target appointed contractor, EPC/EPCM or alliance delivery team. Relevant supplier categories should be reviewed against the article and source package.",Needs Review,2026-05-07,2026-05-21,https://constructionfront.com/2026-05-07-skanska-wins-1-06-billion-design-build-contract-for-mbtas-north-station-draw-one-project-in-massachusetts/,Initial record inferred from ConstructionFront article title and URL only. Verify against full article and official source before paid use.,Needs Source Check,true,true
OL32 Skavsta Rail Contract,ol32-skavsta-rail-contract,Feronord Consortium Selected for €1.2 Billion OL32 Skavsta Rail Contract in Sweden,https://constructionfront.com/2026-05-11-feronord-consortium-selected-for-1-2-billion-ol32-skavsta-rail-contract-in-sweden/,Europe,Sweden,Södermanland,Skavsta / OL32 corridor,58.8,16.9,Transport,Rail / Metro,Tendering / Procurement,Active Opportunity,€1.2 Billion,EUR,,,Feronord Consortium,,Unknown,Awarded,Unknown,,,"Potentially active BD window; monitor tendering, package formation, financing close and contractor appointment. Relevant categories may include civil works, structures, systems, rail/road packages, utilities, design, project controls and commercial support.",Needs Review,2026-05-11,2026-05-21,https://constructionfront.com/2026-05-11-feronord-consortium-selected-for-1-2-billion-ol32-skavsta-rail-contract-in-sweden/,Initial record inferred from ConstructionFront article title and URL only. Verify against full article and official source before paid use.,Needs Source Check,true,true
North West Transmission Developments,north-west-transmission-developments,TasNetworks Reaches Financial Close for A$1.3 Billion North West Transmission Developments in Australia,https://constructionfront.com/2026-05-12-tasnetworks-reaches-financial-close-for-a1-3-billion-north-west-transmission-developments-in-australia/,Australia & NZ,Australia,Tasmania,North West Tasmania,-41.5,145,Energy,Transmission / Grid,FID Reached,Active Opportunity,A$1.3 Billion,AUD,TasNetworks,,,,Project finance / delivery procurement,Partly Awarded / Under Delivery,Reached / Closed,,,"Potentially active BD window; monitor tendering, package formation, financing close and contractor appointment. Relevant categories may include grid connection, electrical balance of plant, civil works, owner’s engineering, controls, O&M and commercial advisory.",Needs Review,2026-05-12,2026-05-21,https://constructionfront.com/2026-05-12-tasnetworks-reaches-financial-close-for-a1-3-billion-north-west-transmission-developments-in-australia/,Initial record inferred from ConstructionFront article title and URL only. Verify against full article and official source before paid use.,Needs Source Check,true,true
Jinbi Solar Project,jinbi-solar-project,Yindjibarndi Energy Reaches Financial Close on 75MW Jinbi Solar Project in Western Australia,https://constructionfront.com/2026-05-12-yindjibarndi-energy-reaches-financial-close-on-75mw-jinbi-solar-project-in-western-australia/,Australia & NZ,Australia,,Australia,-25.2744,133.7751,Energy,Solar,FID Reached,Active Opportunity,,,Yindjibarndi Energy,,,,Project finance / delivery procurement,Partly Awarded / Under Delivery,Reached / Closed,,,"Potentially active BD window; monitor tendering, package formation, financing close and contractor appointment. Relevant categories may include grid connection, electrical balance of plant, civil works, owner’s engineering, controls, O&M and commercial advisory.",Needs Review,2026-05-12,2026-05-21,https://constructionfront.com/2026-05-12-yindjibarndi-energy-reaches-financial-close-on-75mw-jinbi-solar-project-in-western-australia/,Initial record inferred from ConstructionFront article title and URL only. Verify against full article and official source before paid use.,Needs Source Check,false,false
El Patrimonio Solar Project,el-patrimonio-solar-project,CPS Energy and Ashtrom Break Ground on 150MW El Patrimonio Solar Project in Texas,https://constructionfront.com/2026-05-13-cps-energy-and-ashtrom-break-ground-on-150mw-el-patrimonio-solar-project-in-texas/,North America,United States,Texas,,31,-99,Energy,Solar,Under Construction,Late Stage,,,CPS Energy and Ashtrom,,,,Unknown,Partly Awarded / Under Delivery,Likely reached or not applicable,,,"Major packages likely committed; opportunity may sit in subcontracting, change management, commissioning, claims support or O&M preparation. Relevant categories may include grid connection, electrical balance of plant, civil works, owner’s engineering, controls, O&M and commercial advisory.",Needs Review,2026-05-13,2026-05-21,https://constructionfront.com/2026-05-13-cps-energy-and-ashtrom-break-ground-on-150mw-el-patrimonio-solar-project-in-texas/,Initial record inferred from ConstructionFront article title and URL only. Verify against full article and official source before paid use.,Needs Source Check,true,true
SH 99 Grand Parkway Segment B-1 Project,sh-99-grand-parkway-segment-b-1-project,Ferrovial-Webber JV Selected by TxDOT for $1.47 Billion SH 99 Grand Parkway Segment B-1 Project in Texas,https://constructionfront.com/2026-05-14-ferrovial-webber-99-jv-selected-by-txdot-for-1-47-billion-sh-99-grand-parkway-segment-b-1-project-in-texas/,North America,United States,Texas,,31,-99,Transport,Road / Bridge,Tendering / Procurement,Active Opportunity,$1.47 Billion,USD,,TxDOT,Ferrovial-Webber JV,,Unknown,Awarded,Unknown,,,"Potentially active BD window; monitor tendering, package formation, financing close and contractor appointment. Relevant categories may include civil works, structures, systems, rail/road packages, utilities, design, project controls and commercial support.",Needs Review,2026-05-14,2026-05-21,https://constructionfront.com/2026-05-14-ferrovial-webber-99-jv-selected-by-txdot-for-1-47-billion-sh-99-grand-parkway-segment-b-1-project-in-texas/,Initial record inferred from ConstructionFront article title and URL only. Verify against full article and official source before paid use.,Needs Source Check,true,true
Beacon Point AI Data Center Campus,beacon-point-ai-data-center-campus,Jacobs Awarded EPCM Contract for Hut 8’s 1GW Beacon Point AI Data Center Campus in Texas,https://constructionfront.com/2026-05-14-jacobs-awarded-epcm-contract-for-hut-8-1gw-beacon-point-ai-data-center-campus-in-texas/,North America,United States,Texas,,31,-99,Digital Infrastructure,Data Centre,Contract Awarded,Contractor Route,,,Hut 8,,Jacobs,,EPCM,Awarded,Likely reached or not applicable,,,"Primary owner-side award appears made; suppliers/subcontractors should target appointed contractor, EPC/EPCM or alliance delivery team. Relevant categories may include power, cooling, civil works, grid interconnection, design, project controls and commissioning.",Needs Review,2026-05-14,2026-05-21,https://constructionfront.com/2026-05-14-jacobs-awarded-epcm-contract-for-hut-8-1gw-beacon-point-ai-data-center-campus-in-texas/,Initial record inferred from ConstructionFront article title and URL only. Verify against full article and official source before paid use.,Needs Source Check,true,true
HS2 Depot and Control Centre,hs2-depot-and-control-centre,Taylor Woodrow-Aureos Rail JV Wins £856 Million HS2 Depot and Control Centre Contract in Birmingham,https://constructionfront.com/2026-05-14-taylor-woodrow-aureos-rail-jv-wins-856-million-hs2-depot-and-control-centre-contract-in-birmingham/,Europe,United Kingdom,West Midlands,Birmingham,52.4862,-1.8904,Transport,Rail / Metro,Contract Awarded,Contractor Route,£856 Million,GBP,,,Taylor Woodrow-Aureos Rail JV,,Unknown,Awarded,Likely reached or not applicable,,,"Primary owner-side award appears made; suppliers/subcontractors should target appointed contractor, EPC/EPCM or alliance delivery team. Relevant categories may include civil works, structures, systems, rail/road packages, utilities, design, project controls and commercial support.",Needs Review,2026-05-14,2026-05-21,https://constructionfront.com/2026-05-14-taylor-woodrow-aureos-rail-jv-wins-856-million-hs2-depot-and-control-centre-contract-in-birmingham/,Initial record inferred from ConstructionFront article title and URL only. Verify against full article and official source before paid use.,Needs Source Check,true,true
Commonwealth LNG,commonwealth-lng,"Caturus Reaches FID, Closes $9.75bn Financing and Issues NTP to Technip Energies for Commonwealth LNG in Louisiana",https://constructionfront.com/2026-05-16-caturus-reaches-fid-closes-9-75bn-financing-and-issues-ntp-to-technip-energies-for-commonwealth-lng-in-louisiana/,North America,United States,Louisiana,Cameron Parish,29.8,-93.3,Energy,Gas / LNG,FID Reached,Active Opportunity,$9.75 bn,USD,Caturus / Commonwealth LNG,,Technip Energies,,Project finance / delivery procurement,Partly Awarded / Under Delivery,Reached / Closed,,,"Potentially active BD window; monitor tendering, package formation, financing close and contractor appointment. Relevant categories may include grid connection, electrical balance of plant, civil works, owner’s engineering, controls, O&M and commercial advisory.",Needs Review,2026-05-16,2026-05-21,https://constructionfront.com/2026-05-16-caturus-reaches-fid-closes-9-75bn-financing-and-issues-ntp-to-technip-energies-for-commonwealth-lng-in-louisiana/,Initial record inferred from ConstructionFront article title and URL only. Verify against full article and official source before paid use.,Needs Source Check,true,true
Eagle Springs and Lupinus Solar-Storage Projects,eagle-springs-and-lupinus-solar-storage-projects,Sunraycer Closes $901 Million Financing for Eagle Springs and Lupinus Solar-Storage Projects in Texas,https://constructionfront.com/2026-05-16-sunraycer-closes-901-million-financing-for-eagle-springs-and-lupinus-solar-storage-projects-in-texas/,North America,United States,Texas,,31,-99,Energy,Solar + BESS,FID Reached,Active Opportunity,$901 Million,USD,Sunraycer Renewables,,,,Unknown,Partly Awarded / Under Delivery,Reached / Closed,,,"Potentially active BD window; monitor tendering, package formation, financing close and contractor appointment. Relevant categories may include grid connection, electrical balance of plant, civil works, owner’s engineering, controls, O&M and commercial advisory.",Needs Review,2026-05-16,2026-05-21,https://constructionfront.com/2026-05-16-sunraycer-closes-901-million-financing-for-eagle-springs-and-lupinus-solar-storage-projects-in-texas/,Initial record inferred from ConstructionFront article title and URL only. Verify against full article and official source before paid use.,Needs Source Check,true,true
Zeevonk Offshore Wind Project,zeevonk-offshore-wind-project,TKF Awarded Inter-Array Cable Contract for 1GW Zeevonk Offshore Wind Project in the Netherlands,https://constructionfront.com/2026-05-16-tkf-awarded-inter-array-cable-contract-for-1gw-zeevonk-offshore-wind-project-in-the-netherlands/,Europe,Netherlands,North Sea,Zeevonk offshore wind area,52.6,4,Energy,Offshore Wind,Contract Awarded,Contractor Route,,,,,TKF,,Unknown,Awarded,Likely reached or not applicable,,,"Primary owner-side award appears made; suppliers/subcontractors should target appointed contractor, EPC/EPCM or alliance delivery team. Relevant categories may include grid connection, electrical balance of plant, civil works, owner’s engineering, controls, O&M and commercial advisory.",Needs Review,2026-05-16,2026-05-21,https://constructionfront.com/2026-05-16-tkf-awarded-inter-array-cable-contract-for-1gw-zeevonk-offshore-wind-project-in-the-netherlands/,Initial record inferred from ConstructionFront article title and URL only. Verify against full article and official source before paid use.,Needs Source Check,true,true
850MW Renewable PPA Portfolio,850mw-renewable-ppa-portfolio,"DESRI and Meta Sign 850MW Renewable PPA Portfolio Across Oklahoma, Texas and Mississippi",https://constructionfront.com/2026-05-17-desri-and-meta-sign-850mw-renewable-ppa-portfolio-across-oklahoma-texas-and-mississippi/,North America,United States,Texas,,31,-99,Energy,Solar,FID Pending,Active Opportunity,,,DESRI and Meta,,,,PPA / offtake,Power Purchase Agreement signed,Pending / not confirmed,,,"Potentially active BD window; monitor tendering, package formation, financing close and contractor appointment. Relevant categories may include grid connection, electrical balance of plant, civil works, owner’s engineering, controls, O&M and commercial advisory.",Needs Review,2026-05-17,2026-05-21,https://constructionfront.com/2026-05-17-desri-and-meta-sign-850mw-renewable-ppa-portfolio-across-oklahoma-texas-and-mississippi/,Initial record inferred from ConstructionFront article title and URL only. Verify against full article and official source before paid use.,Needs Source Check,false,false
North Shore Wastewater Treatment Plant,north-shore-wastewater-treatment-plant,Metro Vancouver and Acciona Settle North Shore Wastewater Treatment Plant Claims for $235 Million,https://constructionfront.com/2026-05-17-metro-vancouver-and-acciona-settle-north-shore-wastewater-treatment-plant-claims-for-235-million/,North America,Canada,British Columbia,North Shore / Vancouver,49.31,-123.08,Transport,Rail / Metro,On Hold / Delayed,Low Visibility,$235 Million,USD,Metro Vancouver,,Acciona,,Unknown,Unknown,Unknown,,,"Insufficient public information; review full article before BD action. Relevant categories may include civil works, structures, systems, rail/road packages, utilities, design, project controls and commercial support.",Needs Review,2026-05-17,2026-05-21,https://constructionfront.com/2026-05-17-metro-vancouver-and-acciona-settle-north-shore-wastewater-treatment-plant-claims-for-235-million/,Initial record inferred from ConstructionFront article title and URL only. Verify against full article and official source before paid use.,Needs Source Check,true,true
"1,158MW of Wind Projects in British Columbia",1-158mw-of-wind-projects-in-british-columbia,"BC Hydro Awards Four 30-Year Electricity Purchase Agreements for 1,158MW of Wind Projects in British Columbia",https://constructionfront.com/2026-05-20-bc-hydro-awards-four-30-year-electricity-purchase-agreements-for-1158mw-of-wind-projects-in-british-columbia/,North America,Canada,British Columbia,,53.7,-127.6,Energy,Wind,Unknown,Low Visibility,,,,BC Hydro,,,Unknown,Unknown,Unknown,,,"Insufficient public information; review full article before BD action. Relevant categories may include grid connection, electrical balance of plant, civil works, owner’s engineering, controls, O&M and commercial advisory.",Needs Review,2026-05-20,2026-05-21,https://constructionfront.com/2026-05-20-bc-hydro-awards-four-30-year-electricity-purchase-agreements-for-1158mw-of-wind-projects-in-british-columbia/,Initial record inferred from ConstructionFront article title and URL only. Verify against full article and official source before paid use.,Needs Source Check,false,false
Virginia Beach Resiliency Project,virginia-beach-resiliency-project,FlatironDragados Advances to Construction Phase of $518M Virginia Beach Resiliency Project,https://constructionfront.com/2026-05-20-flatirondragados-advances-to-construction-phase-of-518m-virginia-beach-resiliency-project/,North America,United States,Virginia,Virginia Beach,36.8529,-75.978,Other,Other,Under Construction,Late Stage,$518 M,USD,FlatironDragados,,FlatironDragados,,Unknown,Partly Awarded / Under Delivery,Likely reached or not applicable,,,"Major packages likely committed; opportunity may sit in subcontracting, change management, commissioning, claims support or O&M preparation. Relevant supplier categories should be reviewed against the article and source package.",Needs Review,2026-05-20,2026-05-21,https://constructionfront.com/2026-05-20-flatirondragados-advances-to-construction-phase-of-518m-virginia-beach-resiliency-project/,Initial record inferred from ConstructionFront article title and URL only. Verify against full article and official source before paid use.,Needs Source Check,true,true
Sanitation PPP for 85 Municipalities,sanitation-ppp-for-85-municipalities,"ACCIONA Awarded €724M Sanitation PPP for 85 Municipalities in Paraíba, Brazil",https://constructionfront.com/2026-05-20-acciona-awarded-724m-sanitation-ppp-for-85-municipalities-in-paraiba-brazil/,Other,Brazil,Paraíba,,-7.12,-34.87,Water,Water / Wastewater,Contract Awarded,Contractor Route,€724 M,EUR,,,ACCIONA,,PPP / Concession,Awarded,Likely reached or not applicable,,,"Primary owner-side award appears made; suppliers/subcontractors should target appointed contractor, EPC/EPCM or alliance delivery team. Relevant categories may include process, civil, mechanical/electrical works, commissioning, O&M and PPP/concession advisory.",Needs Review,2026-05-20,2026-05-21,https://constructionfront.com/2026-05-20-acciona-awarded-724m-sanitation-ppp-for-85-municipalities-in-paraiba-brazil/,Initial record inferred from ConstructionFront article title and URL only. Verify against full article and official source before paid use.,Needs Source Check,false,false
Smoky Creek and Guthrie’s Gap Solar-Battery Projects,smoky-creek-and-guthries-gap-solar-battery-projects,Edify Reaches Financial Close on 720MWp Smoky Creek and Guthrie’s Gap Solar-Battery Projects in Queensland,https://constructionfront.com/2026-05-20-edify-reaches-financial-close-on-720mwp-smoky-creek-and-guthries-gap-solar-battery-projects-in-queensland/,Australia & NZ,Australia,Queensland,Central Queensland,-23.5,150.5,Energy,Solar + BESS,FID Reached,Active Opportunity,,,Edify Energy,,,,Project finance / delivery procurement,Partly Awarded / Under Delivery,Reached / Closed,,,"Potentially active BD window; monitor tendering, package formation, financing close and contractor appointment. Relevant categories may include grid connection, electrical balance of plant, civil works, owner’s engineering, controls, O&M and commercial advisory.",Needs Review,2026-05-20,2026-05-21,https://constructionfront.com/2026-05-20-edify-reaches-financial-close-on-720mwp-smoky-creek-and-guthries-gap-solar-battery-projects-in-queensland/,Initial record inferred from ConstructionFront article title and URL only. Verify against full article and official source before paid use.,Needs Source Check,true,true
Big Horn I Wind Project Upgrade,big-horn-i-wind-project-upgrade,Avangrid and Puget Sound Energy Sign PPA for 199.5MW Big Horn I Wind Project Upgrade in Washington,https://constructionfront.com/2026-05-21-avangrid-and-puget-sound-energy-sign-ppa-for-199-5mw-big-horn-i-wind-project-upgrade-in-washington/,North America,United States,Washington,Big Horn wind area,45.8,-120.5,Energy,Wind,FID Pending,Active Opportunity,,,Avangrid,,,Puget Sound Energy,PPA / offtake,Power Purchase Agreement signed,Pending / not confirmed,,,"Potentially active BD window; monitor tendering, package formation, financing close and contractor appointment. Relevant categories may include grid connection, electrical balance of plant, civil works, owner’s engineering, controls, O&M and commercial advisory.",Needs Review,2026-05-21,2026-05-21,https://constructionfront.com/2026-05-21-avangrid-and-puget-sound-energy-sign-ppa-for-199-5mw-big-horn-i-wind-project-upgrade-in-washington/,Initial record inferred from ConstructionFront article title and URL only. Verify against full article and official source before paid use.,Needs Source Check,false,false
